<?xml version="1.0" encoding="UTF-8"?>
<?NLS TYPE="org.eclipse.help.toc"?>
<toc label="Additional Auxiliary Variables" topic="topics/MGCChap_AdditionalAuxiliaryVariables_id8799ae5f.html"><topic label="Additional Auxiliary Variables" href="topics/MGCChap_AdditionalAuxiliaryVariables_id8799ae5f.html"><topic label="Available Auxiliary Variables" href="topics/Contain_AvailableAuxiliaryVariables_id3a8965e8.html"><topic label="Flow Angle" href="topics/Concept_FlowAngle_id5f07e8d0.html"/><topic label="Total Pressure" href="topics/Concept_TotalPressure_id462c9b11.html"/></topic><topic label="Calculating and Displaying Additional Auxiliary Variables" href="topics/Contain_CalculatingAndDisplayingAdditionalAuxiliaryVariables_id86534b8a.html"><topic label="Calculating Flow Angle" href="topics/TaskTop_CalculatingFlowAngle_id8dc5345d.html"/><topic label="Calculating Total Pressure" href="topics/TaskTop_CalculatingTotalPressure_id25e0d173.html"/><topic label="Displaying Auxiliary Variables Values" href="topics/TaskTop_DisplayingAuxiliaryVariablesValues_idf3be155a.html"/></topic><topic label="Flow Angle Dialog Box" href="topics/GUIRefT_FlowAngleDialogBox_id78214c09.html"/></topic></toc>