<?xml version="1.0" encoding="UTF-8"?>
<?NLS TYPE="org.eclipse.help.toc"?>
<toc label="Advanced Solution Controls" topic="topics/MGCChap_AdvancedSolutionControls_idb2daab29.html"><topic label="Advanced Solution Controls" href="topics/MGCChap_AdvancedSolutionControls_idb2daab29.html"><topic label="The Solution Process" href="topics/Concept_TheSolutionProcess_ide2059f6f.html"/><topic label="Program-Calculated&#xA;Termination Residuals" href="topics/Concept_ProgramCalculatedTerminationResiduals_id229665f0.html"/><topic label="Possible Solution&#xA;Scenarios" href="topics/Concept_PossibleSolutionScenarios_id9c2d5150.html"/><topic label="Controlling the Solution" href="topics/Concept_ControllingTheSolution_id05b7e66f.html"/><topic label="Techniques&#xA;for Controlling the Solution" href="topics/Contain_TechniquesForControllingTheSolution_idb59ed8b2.html"><topic label="False Time Step Relaxation" href="topics/Concept_FalseTimeStepRelaxation_id51c577d6.html"/><topic label="Multi Grid Damping" href="topics/Concept_MultiGridDamping_id0d404167.html"/><topic label="Inner Iterations" href="topics/Concept_InnerIterations_idc5c0f071.html"/><topic label="Fan Relaxation" href="topics/Concept_FanRelaxation_idcadbd786.html"/><topic label="Monitor Point Convergence&#xA;for Temperature" href="topics/Concept_MonitorPointConvergenceForTemperature_id0f8332d3.html"/><topic label="Error Field" href="topics/Concept_ErrorField_idbf57e275.html"/><topic label="User-Specified Termination&#xA;Residuals" href="topics/Concept_UserSpecifiedTerminationResiduals_id4955ec6c.html"/><topic label="Double Precision&#xA;Solver" href="topics/Concept_DoublePrecisionSolver_id9e877d07.html"/></topic></topic></toc>