<?xml version="1.0" encoding="UTF-8"?>
<?NLS TYPE="org.eclipse.help.toc"?>
<toc label="Creating, Importing, and Exporting Geometry" topic="topics/MGCChap_CreatingImportingAndExportingGeometry_idb910f496.html"><topic label="Creating,&#xA;Importing, and Exporting Geometry" href="topics/MGCChap_CreatingImportingAndExportingGeometry_idb910f496.html"><topic label="Overview of Geometry" href="topics/Concept_OverviewOfGeometry_id380d48bf.html"/><topic label="Coordinate Systems" href="topics/Concept_CoordinateSystems_ide0530b84.html"/><topic label="Construction Precedence&#xA;Rules" href="topics/Contain_ConstructionPrecedenceRules_id3351bb5d.html"><topic label="Construction Precedence&#xA;Rules Overview" href="topics/Concept_ConstructionPrecedenceRulesOverview_id2aaad0a1.html"/><topic label="Context Rules for&#xA;Primitives" href="topics/Contain_ContextRulesForPrimitives_id1bd945d7.html"><topic label="Blocks or Prisms&#xA;in Surface Contact" href="topics/Concept_BlocksOrPrismsInSurfaceContact_id8a9679a3.html"/><topic label="Overlapping Intersecting&#xA;Blocks or Prisms" href="topics/Concept_OverlappingIntersectingBlocksOrPrisms_id09b3394f.html"/><topic label="Block Placed on the&#xA;Surface of a Collapsed Cuboid" href="topics/Concept_BlockPlacedOnTheSurfaceOfACollapsedCuboid_ida95f515e.html"/><topic label="Cuboid Block Intersected&#xA;by a Collapsed Cuboid" href="topics/Concept_CuboidBlockIntersectedByACollapsedCuboid_id0d5145b1.html"/><topic label="Cuboids in Contact&#xA;with Sloping Blocks" href="topics/Concept_CuboidsInContactWithSlopingBlocks_id32b4564f.html"/><topic label="Cuboids in Contact&#xA;with Domain Edge" href="topics/Concept_CuboidsInContactWithDomainEdge_id461e66a7.html"/></topic><topic label="Context Rules for&#xA;SmartParts" href="topics/Contain_ContextRulesForSmartparts_id94fd6aa5.html"><topic label="Context Rules for&#xA;Flow Devices" href="topics/Concept_ContextRulesForFlowDevices_id58553f3e.html"/><topic label="Context Rules for&#xA;Overlapping Fixed Flows" href="topics/Concept_ContextRulesForOverlappingFixedFlows_id7cbbb540.html"/><topic label="Context Rules for&#xA;Overlapping Supplies and Extracts of Recirculation Devices" href="topics/Concept_ContextRulesForOverlappingSuppliesAndExtractsOfRecirculationDevices_idf89da056.html"/><topic label="Context Rules for&#xA;Overlapping Sources" href="topics/Concept_ContextRulesForOverlappingSources_id7228ff8a.html"/><topic label="Context Rules for&#xA;Overlapping Components" href="topics/Concept_ContextRulesForOverlappingComponents_idbdaba722.html"/><topic label="Context Rules for&#xA;Network Assemblies and Heat Pipes" href="topics/Concept_ContextRulesForNetworkAssembliesAndHeatPipes_idab9a40f4.html"/><topic label="Context Rules for&#xA;Plate Conduction" href="topics/Concept_ContextRulesForPlateConduction_idb98d5a97.html"/></topic></topic><topic label="Geometry Files" href="topics/Contain_GeometryFiles_id5b3d19d0.html"><topic label="PDML Files" href="topics/Concept_PdmlFiles_id5e6daca0.html"/><topic label="FloXML Files" href="topics/Concept_FloxmlFiles_id06c47ee5.html"/><topic label="FloFEA Files" href="topics/Concept_FlofeaFiles_ide8799227.html"/><topic label="ECAD File Formats" href="topics/Concept_EcadFileFormats_id4fa01e08.html"/><topic label="ECXML&#xA;Files" href="topics/Concept_EcxmlFiles_id76acbeb4.html"/><topic label="JEDEC Part Model&#xA;XML Files (ThermalSection)" href="topics/Concept_JedecPartModelXmlFilesThermalsection_id94897bc4.html"/><topic label="Files Imported via&#xA;FloMCAD Bridge" href="topics/Concept_FilesImportedViaFlomcadBridge_idf5bfef30.html"/><topic label="Files Imported via&#xA;FloEDA Bridge" href="topics/Concept_FilesImportedViaFloedaBridge_id364ab3ad.html"/><topic label="Power Map Files" href="topics/Concept_PowerMapFiles_id6620d13f.html"/></topic><topic label="Geometry Create&#xA;and Import Operations" href="topics/Contain_GeometryCreateAndImportOperations_id59341d15.html"><topic label="Creating Complex Shapes" href="topics/TaskTop_CreatingComplexShapes_idd46d69eb.html"/><topic label="Promoting and Demoting&#xA;Objects" href="topics/TaskTop_PromotingAndDemotingObjects_id809acc52.html"/><topic label="Copying Objects" href="topics/TaskTop_CopyingObjects_id759b0531.html"/><topic label="Creating a Pattern of&#xA;Objects" href="topics/TaskTop_CreatingAPatternOfObjects_id5d9f0670.html"/><topic label="Mirroring an Object" href="topics/TaskTop_MirroringAnObject_id294e9bc2.html"/><topic label="Importing FloXML Geometry&#xA;Files" href="topics/TaskTop_ImportingFloxmlGeometryFiles_idc9e04103.html"/><topic label="Importing IDF Files" href="topics/TaskTop_ImportingIdfFiles_id69ab3c7e.html"/><topic label="Importing PDML Geometry&#xA;Files" href="topics/TaskTop_ImportingPdmlGeometryFiles_idbb20a36f.html"/><topic label="Importing&#xA;ECXML Files" href="topics/TaskTop_ImportingEcxmlFiles_id543ba14d.html"/><topic label="Importing Network Assemblies&#xA;from JEDEC Part Model XML Files" href="topics/TaskTop_ImportingNetworkAssembliesFromJEDECPartModelXMLFiles_ida637a731.html"/><topic label="Importing T3Ster Files" href="topics/TaskTop_ImportingT3sterFiles_idb26ee380.html"/><topic label="Importing V1.4 Library&#xA;Files" href="topics/TaskTop_ImportingV14LibraryFiles_idd3bbd6b0.html"/><topic label="Importing V2/V3 Project&#xA;Assembly Files" href="topics/TaskTop_ImportingV2V3ProjectAssemblyFiles_id9d5c73b8.html"/></topic><topic label="Export&#xA;Operations" href="topics/Contain_ExportOperations_id9e6a3af0.html"><topic label="Exporting Geometry" href="topics/TaskTop_ExportingGeometry_id3caa261d.html"/><topic label="Exporting an Assembly to FloTHERM PACK" href="topics/TaskTop_ExportingAnAssemblyToFloTHERMPACK_ide316fbb3.html"/><topic label="Exporting Network Assemblies&#xA;to JEDEC Part Model XML Files" href="topics/TaskTop_ExportingNetworkAssembliesToJedecPartModelXmlFiles_idd18a3983.html"/><topic label="Converting Files to&#xA;PDML Format" href="topics/TaskTop_ConvertingFilesToPdmlFormat_id5c9faecb.html"/><topic label="Exporting&#xA;ECXML Files" href="topics/TaskTop_ExportingEcxmlFiles_id7ab48681.html"/><topic label="Creating FloXML from&#xA;Spreadsheets" href="topics/TaskTop_CreatingFloxmlFromSpreadsheets_idbda4dfc6.html"/></topic><topic label="Pattern Creation Dialog&#xA;Box" href="topics/GUIRefT_PatternCreationDialogBox_id8ddc0823.html"/></topic></toc>