<?xml version="1.0" encoding="UTF-8"?>
<?NLS TYPE="org.eclipse.help.toc"?>
<toc label="Defining the Mathematical Model" topic="topics/MGCChap_DefiningTheMathematicalModel_idf3411f0f.html"><topic label="Defining the Mathematical&#xA;Model" href="topics/MGCChap_DefiningTheMathematicalModel_idf3411f0f.html"><topic label="The Modeling Method" href="topics/Concept_TheModelingMethod_idae3272ae.html"/><topic label="The Solution Domain" href="topics/Contain_TheSolutionDomain_idc621238f.html"><topic label="Solution Domain Overall&#xA;Definitions" href="topics/Concept_SolutionDomainOverallDefinitions_id653e567a.html"/><topic label="Moving and Resizing&#xA;the Solution Domain in the Drawing Board" href="topics/TaskTop_MovingAndResizingTheSolutionDomainInTheDrawingBoard_id5c9bae32.html"/><topic label="Boundary Types" href="topics/Concept_BoundaryTypes_idf8910eb6.html"/><topic label="Non-Cuboid Solution&#xA;Domains" href="topics/Concept_NonCuboidSolutionDomains_id458d05e4.html"/><topic label="Examples of Open&#xA;and Symmetry Boundaries" href="topics/Concept_ExamplesOfOpenAndSymmetryBoundaries_id72e46ab7.html"/><topic label="Symmetry and Radiation" href="topics/Concept_SymmetryAndRadiation_id8b1b58d9.html"/></topic><topic label="Initial Values" href="topics/Contain_InitialValues_id3f75b889.html"><topic label="Initial Values and&#xA;Solution Type" href="topics/Concept_InitialValuesAndSolutionType_ida999b580.html"/><topic label="The Solution Variables" href="topics/Concept_TheSolutionVariables_id0520b388.html"/><topic label="Starting from a Previous&#xA;Solution Set" href="topics/TaskTop_StartingFromAPreviousSolutionSet_id32fa3712.html"/><topic label="Viewing Initial Fields" href="topics/TaskTop_ViewingInitialFields_id66958d33.html"/><topic label="Setting Initial Field&#xA;Values Over Subdomains" href="topics/TaskTop_SettingInitialFieldValuesOverSubdomains_idabd8c462.html"/></topic><topic label="Solution Variable&#xA;Types" href="topics/Contain_SolutionVariableTypes_id02d375f4.html"><topic label="Base and Standard&#xA;Derived Variables" href="topics/Concept_BaseAndStandardDerivedVariables_iddf6bb19f.html"/><topic label="Auxiliary Variables" href="topics/Concept_AuxiliaryVariables_id12989e37.html"/><topic label="Project&#xA;Solution Variables Procedures" href="topics/Contain_ProjectSolutionVariablesProcedures_id43f5847a.html"><topic label="Determining Base Solution&#xA;Variables" href="topics/TaskTop_DeterminingBaseSolutionVariables_idf13b0dab.html"/><topic label="Determining Additional&#xA;Derived Variables" href="topics/TaskTop_DeterminingAdditionalDerivedVariables_ida940653e.html"/></topic></topic><topic label="Modeling Selections" href="topics/Contain_ModelingSelections_ideb0f3284.html"><topic label="Types of Solution" href="topics/Concept_TypesOfSolution_id904b3960.html"/><topic label="Mass Flux" href="topics/Concept_MassFlux_id3e476f5d.html"/><topic label="Heat Flux" href="topics/Concept_HeatFlux_id4dd60342.html"/><topic label="Surface Temperature" href="topics/Concept_SurfaceTemperature_id7a16d753.html"/><topic label="Temperature Gradient" href="topics/Concept_TemperatureGradient_id682706a7.html"/><topic label="Power Density" href="topics/Concept_PowerDensity_id21430b61.html"/><topic label="Bn and Sc" href="topics/Concept_BnAndSc_id57ece963.html"/></topic><topic label="Modeling Dimensionality" href="topics/Concept_ModelingDimensionality_ide8b4ed8f.html"/><topic label="Capture Index" href="topics/Contain_CaptureIndex_ida9b78ee7.html"><topic label="Concept of the Capture&#xA;Index" href="topics/Concept_ConceptOfTheCaptureIndex_id72063858.html"/><topic label="Data Center Aisle&#xA;Groups and Sub-Groups" href="topics/Concept_DataCenterAisleGroupsAndSubGroups_id932dc48e.html"/><topic label="Aisle Group CI Calculation" href="topics/Concept_AisleGroupCiCalculation_idb2918e37.html"/><topic label="Assessing CI Values&#xA;for Data Center Design" href="topics/Concept_AssessingCiValuesForDataCenterDesign_id6dacb49e.html"/><topic label="Capture&#xA;Index Procedures" href="topics/Contain_CaptureIndexProcedures_id11cbd97c.html"><topic label="Attaching an Aisle Group&#xA;or Sub-Group Name to an Object" href="topics/TaskTop_AttachingAnAisleGroupOrSubGroupNameToAnObject_idd7ffccd5.html"/><topic label="Checking Aisle Group&#xA;Attachments in Data Tree Summary Information" href="topics/TaskTop_CheckingAisleGroupAttachmentsInDataTreeSummaryInformation_id53ccdcb5.html"/><topic label="Viewing Capture Index&#xA;Results" href="topics/TaskTop_ViewingCaptureIndexResults_idbb8136ee.html"/><topic label="Adding Capture Index&#xA;to Command Center Scenarios" href="topics/TaskTop_AddingCaptureIndexToCommandCenterScenarios_id8d1e2dbd.html"/></topic></topic><topic label="Solar Radiation" href="topics/Contain_SolarRadiation_id194c7c42.html"><topic label="Solar Radiation Model" href="topics/Concept_SolarRadiationModel_ida5722b81.html"/><topic label="Including Solar Radiation" href="topics/TaskTop_IncludingSolarRadiation_id46d4c72b.html"/></topic><topic label="Air Flow" href="topics/Contain_AirFlow_id1bbb5c66.html"><topic label="Laminar Air Flow" href="topics/Concept_LaminarAirFlow_id76233ddd.html"/><topic label="Turbulent Air Flow&#xA;and Models" href="topics/Concept_TurbulentAirFlowAndModels_id5fa9d3d3.html"/><topic label="Revised Algebraic&#xA;Model" href="topics/Concept_RevisedAlgebraicModel_id77404d18.html"/><topic label="Automatic Algebraic&#xA;Model" href="topics/Concept_AutomaticAlgebraicModel_id3fb17551.html"/><topic label="LVEL K-Epsilon Model" href="topics/Concept_LvelKEpsilonModel_ided19a6e5.html"/></topic><topic label="Gravity" href="topics/Contain_Gravity_id592fa7b8.html"><topic label="Modeling Gravity" href="topics/Concept_ModelingGravity_idb4c9ec39.html"/><topic label="Calculation of Gravity" href="topics/Concept_CalculationOfGravity_idf9bddc94.html"/></topic><topic label="Changing the Fluid&#xA;Properties" href="topics/Concept_ChangingTheFluidProperties_idc639b801.html"/><topic label="Reference Temperature&#xA;and Pressure" href="topics/Contain_ReferenceTemperatureAndPressure_id882a2b49.html"><topic label="Datum Pressure" href="topics/Concept_DatumPressure_idfcb10ce0.html"/><topic label="Modeling a Remote&#xA;Radiation Source" href="topics/Concept_ModelingARemoteRadiationSource_id3c6b822e.html"/><topic label="Ambient Temperature&#xA;when Modeling Buoyancy Force" href="topics/Concept_AmbientTemperatureWhenModelingBuoyancyForce_idfc550642.html"/><topic label="Default Initial Value&#xA;for Temperature" href="topics/Concept_DefaultInitialValueForTemperature_idec987b4a.html"/><topic label="Transient Variation&#xA;of Temperature" href="topics/Concept_TransientVariationOfTemperature_idaad450aa.html"/></topic><topic label="Joule Heating Analysis" href="topics/Contain_JouleHeatingAnalysis_iddf33a2e9.html"><topic label="Joule Heating Modeled&#xA;by Source SmartParts" href="topics/Concept_JouleHeatingModeledBySourceSmartparts_idb860fddc.html"/><topic label="Joule Heating and&#xA;Power Map SmartParts" href="topics/Concept_JouleHeatingAndPowerMapSmartparts_id5d185826.html"/></topic><topic label="Solution Domain&#xA;Dialog Boxes and Property Sheets" href="topics/Contain_SolutionDomainDialogBoxesAndPropertySheets_idb3c76a2a.html"><topic label="System Property Sheet" href="topics/GUIRefT_SystemPropertySheet_id53c9755d.html"><topic label="System Property Sheet&#xA;Boundaries Tab" href="topics/GUIRefT_SystemPropertySheetBoundariesTab_id8d613817.html"/></topic><topic label="Subdomain Property&#xA;Sheet" href="topics/GUIRefT_SubdomainPropertySheet_id1a375d3c.html"><topic label="Subdomain Property&#xA;Sheet Initial Values Tab" href="topics/GUIRefT_SubdomainPropertySheetInitialValuesTab_id4c91f222.html"/></topic><topic label="Solar Configuration&#xA;Dialog Box" href="topics/GUIRefT_SolarConfigurationDialogBox_id6d91b62b.html"/><topic label="Model Setup Tab" href="topics/GUIRefT_ModelSetupTab_ide8e4b082.html"><topic label="Model Setup Tab -&#xA;Gravity Section" href="topics/GUIRefT_ModelSetupTabGravitySection_id73aea0da.html"/><topic label="Model Setup Tab -&#xA;Turbulence Section" href="topics/GUIRefT_ModelSetupTabTurbulenceSection_idef0e3543.html"/><topic label="Model Setup Tab -&#xA;Global System Settings Section" href="topics/GUIRefT_ModelSetupTabGlobalSystemSettingsSection_id00d4236a.html"/><topic label="Model Setup Tab -&#xA;Stored Variables Section" href="topics/GUIRefT_ModelSetupTabStoredVariablesSection_id0ffe317c.html"/><topic label="Model Setup Tab -&#xA;Auxiliary Variables Section" href="topics/GUIRefT_ModelSetupTabAuxiliaryVariablesSection_ide8274dfc.html"/></topic><topic label="Solver Control Tab" href="topics/GUIRefT_SolverControlTab_ida0c1d66a.html"><topic label="Solver Control Tab&#xA;- Monitor Point Solution Control Section" href="topics/GUIRefT_SolverControlTabMonitorPointSolutionControlSection_idf2cca121.html"/><topic label="Solver Control Tab&#xA;- Variable Solution Control Section" href="topics/GUIRefT_SolverControlTabVariableSolutionControlSection_idd2da4a45.html"/></topic><topic label="Solution Set Dialog&#xA;Box" href="topics/GUIRefT_SolutionSetDialogBox_idef2062ca.html"/><topic label="Solution Type Changed&#xA;Dialog Box" href="topics/GUIRefT_SolutionTypeChangedDialogBox_id93b4fe40.html"/></topic></topic></toc>