<?xml version="1.0" encoding="UTF-8"?>
<?NLS TYPE="org.eclipse.help.toc"?>
<toc label="Frequently Asked Questions" topic="topics/MGCChap_FrequentlyAskedQuestions_id5bb8bd64.html"><topic label="Frequently&#xA;Asked Questions" href="topics/MGCChap_FrequentlyAskedQuestions_id5bb8bd64.html"><topic label="Project Manager FAQs" href="topics/Concept_ProjectManagerFaqs_id22ba0daf.html"/><topic label="Drawing Board FAQs" href="topics/Concept_DrawingBoardFaqs_idfb590f94.html"/><topic label="Solution Grid FAQs" href="topics/Concept_SolutionGridFaqs_idc0531bb7.html"/><topic label="Solution Variables&#xA;FAQs" href="topics/Concept_SolutionVariablesFaqs_id282ce899.html"/><topic label="Building Geometry&#xA;FAQs" href="topics/Concept_BuildingGeometryFaqs_id8dd2a65f.html"/><topic label="Fan FAQs" href="topics/Concept_FanFaqs_id9ede4a7e.html"/><topic label="Heat Sink FAQs" href="topics/Concept_HeatSinkFaqs_id35186943.html"/><topic label="Recirculation Device&#xA;FAQs" href="topics/Concept_RecirculationDeviceFaqs_id01817047.html"/><topic label="Support Site FAQs" href="topics/Concept_SupportSiteFaqs_id25c3b966.html"/><topic label="Solver FAQs" href="topics/Concept_SolverFaqs_id89054fbf.html"/><topic label="Modeling FAQs" href="topics/Concept_ModelingFaqs_id2fd26ab8.html"/><topic label="FloXML FAQs" href="topics/Concept_FloxmlFaqs_id3b6fd385.html"/></topic></toc>