<?xml version="1.0" encoding="UTF-8"?>
<?NLS TYPE="org.eclipse.help.toc"?><toc topic="html/ft_user/topics/title1.html"
     label="Simcenter Flotherm User Guide none">
   <topic label="List of Figures" href="html/ft_user/figures.html"/>
   <topic label="List of Tables" href="html/ft_user/man_lot1.html"/>
   <topic label="Product Overview"
          href="html/ft_user/topics/MGCChap_ProductOverview_id7980f875.html">
      <topic label="Functional Overview"
             href="html/ft_user/topics/Concept_FunctionalOverview_id35f01e4b.html"/>
      <topic label="Product Workflow"
             href="html/ft_user/topics/Contain_ProductWorkflow_idcff6e17d.html">
         <topic label="Define the Requirements"
                href="html/ft_user/topics/Concept_DefineTheRequirements_id9953023d.html"/>
         <topic label="Add a Solution Grid"
                href="html/ft_user/topics/Concept_AddASolutionGrid_id9822726e.html"/>
         <topic label="Solve the Model"
                href="html/ft_user/topics/Concept_SolveTheModel_idba40fc37.html"/>
         <topic label="Analyze the Results"
                href="html/ft_user/topics/Concept_AnalyzeTheResults_id74e6c008.html"/>
      </topic>
      <topic label="Product GUI"
             href="html/ft_user/topics/GUIRefT_ProductGui_idbd5305d0.html"/>
   </topic>
   <topic label="Defining the Requirements"
          href="html/ft_user/topics/MGCChap_DefiningTheRequirements_id32a91a43.html">
      <topic label="Establishing the Requirements"
             href="html/ft_user/topics/Concept_EstablishingTheRequirements_id9ae6d269.html"/>
      <topic label="Start Simple"
             href="html/ft_user/topics/Concept_StartSimple_id6309b21b.html"/>
      <topic label="Main Features to Consider When Modeling"
             href="html/ft_user/topics/Concept_MainFeaturesToConsiderWhenModeling_id6eb04419.html"/>
   </topic>
   <topic label="Working on a Project"
          href="html/ft_user/topics/MGCChap_WorkingOnAProject_id7d129fe1.html">
      <topic label="Project Overview"
             href="html/ft_user/topics/Concept_ProjectOverview_id08e8fd26.html"/>
      <topic label="Starting and Running the Product"
             href="html/ft_user/topics/Contain_StartingAndRunningTheProduct_id8b4684c4.html">
         <topic label="Starting and Running in Interactive Mode"
                href="html/ft_user/topics/TaskTop_StartingAndRunningInInteractiveMode_ide060f4d8.html"/>
         <topic label="Starting from a Command Window"
                href="html/ft_user/topics/TaskTop_StartingFromACommandWindow_id9f882570.html"/>
         <topic label="Exiting" href="html/ft_user/topics/TaskTop_Exiting_idf96cae20.html"/>
      </topic>
      <topic label="FloSCRIPT" href="html/ft_user/topics/Contain_Floscript_ida2edb737.html">
         <topic label="About FloSCRIPT"
                href="html/ft_user/topics/Concept_AboutFloSCRIPT_id68b3dc84.html"/>
         <topic label="Recording a Sequence of Operations to a FloSCRIPT File"
                href="html/ft_user/topics/TaskTop_RecordingASequenceOfOperationsToAFloscriptFile_id1849584d.html"/>
         <topic label="Running a FloSCRIPT File"
                href="html/ft_user/topics/TaskTop_RunningAFloscriptFile_id6668fd58.html"/>
      </topic>
      <topic label="Project Manager Window"
             href="html/ft_user/topics/Contain_ProjectManagerWindow_id377f1a3e.html">
         <topic label="Window Layout"
                href="html/ft_user/topics/GUIRefT_WindowLayout_idd81d5090.html"/>
         <topic label="Property Sheets"
                href="html/ft_user/topics/Concept_PropertySheets_ida29aba17.html"/>
         <topic label="Data Tree" href="html/ft_user/topics/General_DataTree_id58f090a0.html"/>
         <topic label="New Object Palette"
                href="html/ft_user/topics/GUIRefT_NewObjectPalette_idcda830be.html"/>
         <topic label="Project Attributes/Library Trees"
                href="html/ft_user/topics/General_ProjectAttributesLibraryTrees_idc449749d.html"/>
         <topic label="Project Manager Status Bar"
                href="html/ft_user/topics/GUIRefT_ProjectManagerStatusBar_id91641794.html"/>
         <topic label="Workplane" href="html/ft_user/topics/GUIRefT_Workplane_idc87621ce.html"/>
         <topic label="Snap Grid" href="html/ft_user/topics/Concept_SnapGrid_id31b8aac4.html"/>
      </topic>
      <topic label="Project Operations"
             href="html/ft_user/topics/Contain_ProjectOperations_ide9456c2b.html">
         <topic label="Creating a New Project"
                href="html/ft_user/topics/TaskTop_CreatingANewProject_idbf59188c.html"/>
         <topic label="Setting the Default Project"
                href="html/ft_user/topics/TaskTop_SettingTheDefaultProject_idbf302378.html"/>
         <topic label="Installing the Application Examples"
                href="html/ft_user/topics/TaskTop_InstallingTheApplicationExamples_id747b25a3.html"/>
         <topic label="Loading Projects"
                href="html/ft_user/topics/Contain_LoadingProjects_id8dd0cc73.html">
            <topic label="Loading an Existing Project"
                   href="html/ft_user/topics/TaskTop_LoadingAnExistingProject_id65de7fc5.html"/>
            <topic label="Owning a Project"
                   href="html/ft_user/topics/TaskTop_OwningAProject_id297e172d.html"/>
         </topic>
         <topic label="Changing the Solution Directory"
                href="html/ft_user/topics/TaskTop_ChangingTheSolutionDirectory_id18a16559.html"/>
         <topic label="Cataloging Projects"
                href="html/ft_user/topics/TaskTop_CatalogingProjects_id33e7526e.html"/>
         <topic label="Importing External Projects"
                href="html/ft_user/topics/Contain_ImportingExternalProjects_id65ba8a58.html">
            <topic label="Importing a FloXML Project"
                   href="html/ft_user/topics/TaskTop_ImportingAFloxmlProject_id6bb8e183.html"/>
            <topic label="Importing a PDML Project"
                   href="html/ft_user/topics/TaskTop_ImportingAPdmlProject_id365aec3d.html"/>
            <topic label="Importing a PACK Project"
                   href="html/ft_user/topics/TaskTop_ImportingAPackProject_id5c2f9a5d.html"/>
            <topic label="Importing a V1.4 Project"
                   href="html/ft_user/topics/TaskTop_ImportingAV14Project_id531d18f1.html"/>
            <topic label="Importing a V2/V3 Project"
                   href="html/ft_user/topics/TaskTop_ImportingAV2V3Project_idcbb7a347.html"/>
         </topic>
         <topic label="Saving" href="html/ft_user/topics/Contain_Saving_idec0bd152.html">
            <topic label="Saving a GDA Image to a Graphics File"
                   href="html/ft_user/topics/TaskTop_SavingAGDAImageToAGraphicsFile_id3f19792e.html"/>
            <topic label="Saving a Project"
                   href="html/ft_user/topics/TaskTop_SavingAProject_id2324ff00.html"/>
            <topic label="Saving a Project as a Template"
                   href="html/ft_user/topics/TaskTop_SavingAProjectAsATemplate_ide4b3a722.html"/>
         </topic>
         <topic label="Exporting Projects in SAT or IGS Files"
                href="html/ft_user/topics/TaskTop_ExportingProjectsInSATOrIGSFiles_idecb3d00e.html"/>
         <topic label="Exporting Thermal Netlists and BCI-ROM Files"
                href="html/ft_user/topics/TaskTop_ExportingThermalNetlistsAndBCIROMFiles_id54e252fc.html"/>
         <topic label="Archiving" href="html/ft_user/topics/Contain_Archiving_id9a2c2ae4.html">
            <topic label="Archiving Project Data in PDML Format"
                   href="html/ft_user/topics/TaskTop_ArchivingProjectDataInPdmlFormat_idf1596779.html"/>
            <topic label="Archiving Project Data in PACK Format"
                   href="html/ft_user/topics/TaskTop_ArchivingProjectDataInPackFormat_id11aebc4c.html"/>
         </topic>
         <topic label="Deleting Projects"
                href="html/ft_user/topics/TaskTop_DeletingProjects_ida353b139.html"/>
      </topic>
      <topic label="Project Manager Operations"
             href="html/ft_user/topics/Contain_ProjectManagerOperations_idf88d16c2.html">
         <topic label="Showing and Hiding Toolbars"
                href="html/ft_user/topics/TaskTop_ShowingAndHidingToolbars_id1e1c12cc.html"/>
         <topic label="Detaching/Reattaching the Drawing Board"
                href="html/ft_user/topics/TaskTop_DetachingReattachingTheDrawingBoard_id61c6c665.html"/>
         <topic label="Detaching/Reattaching the Profiles Window"
                href="html/ft_user/topics/TaskTop_DetachingReattachingTheProfilesWindow_iddcbbba14.html"/>
         <topic label="Changing Global Units"
                href="html/ft_user/topics/TaskTop_ChangingGlobalUnits_idb5f856b4.html"/>
         <topic label="Changing Local Units"
                href="html/ft_user/topics/TaskTop_ChangingLocalUnits_ide1ce984e.html"/>
         <topic label="Undoing and Redoing the Last Operation"
                href="html/ft_user/topics/TaskTop_UndoingAndRedoingTheLastOperation_id9cfaf3df.html"/>
         <topic label="Changing the Coordinate System"
                href="html/ft_user/topics/TaskTop_ChangingTheCoordinateSystem_id2f3eef38.html"/>
         <topic label="Using Parallel Processing"
                href="html/ft_user/topics/TaskTop_UsingParallelProcessing_idb8e9a2e2.html"/>
      </topic>
      <topic label="Data Tree Operations"
             href="html/ft_user/topics/Contain_DataTreeOperations_id270e6f6a.html">
         <topic label="Viewing Summary Information"
                href="html/ft_user/topics/TaskTop_ViewingSummaryInformation_id0ad0f891.html"/>
         <topic label="Adding Assemblies"
                href="html/ft_user/topics/TaskTop_AddingAssemblies_idccd6e595.html"/>
         <topic label="Adding Parts"
                href="html/ft_user/topics/TaskTop_AddingParts_id367de4fb.html"/>
         <topic label="Co-locating Objects"
                href="html/ft_user/topics/TaskTop_CoLocatingObjects_ida5a23b8c.html"/>
         <topic label="Selecting Objects in the Data Tree"
                href="html/ft_user/topics/TaskTop_SelectingObjectsInTheDataTree_idf1b9856d.html"/>
         <topic label="Promoting and Demoting Geometry in the Data Tree"
                href="html/ft_user/topics/TaskTop_PromotingAndDemotingGeometryInTheDataTree_id8e390a35.html"/>
         <topic label="Topping Assemblies or Parts"
                href="html/ft_user/topics/TaskTop_ToppingAssembliesOrParts_idba118cad.html"/>
         <topic label="Hiding Objects From the Data Tree (Lightweight View of Assemblies)"
                href="html/ft_user/topics/TaskTop_HidingObjectsFromTheDataTreeLightweightViewOfAssemblies_idb9cc995d.html"/>
         <topic label="Simple Searches for Objects or Attributes"
                href="html/ft_user/topics/TaskTop_SimpleSearchesForObjectsOrAttributes_id6f5c76ed.html"/>
         <topic label="Complex Searches for Objects or Attributes"
                href="html/ft_user/topics/TaskTop_ComplexSearchesForObjectsOrAttributes_id08cce9d1.html"/>
         <topic label="Applying Simultaneous Changes to more than One Object"
                href="html/ft_user/topics/TaskTop_ApplyingSimultaneousChangesToMoreThanOneObject_id5f8299b5.html"/>
         <topic label="Creating Unique Names for Objects"
                href="html/ft_user/topics/TaskTop_CreatingUniqueNamesForObjects_ideba23c29.html"/>
      </topic>
      <topic label="Zoom-In Projects"
             href="html/ft_user/topics/Contain_ZoomInProjects_id03cf8ea6.html">
         <topic label="Zoom-In Project Example"
                href="html/ft_user/topics/Concept_ZoomInProjectExample_id826d7485.html"/>
         <topic label="Creating a Zoom-In Project"
                href="html/ft_user/topics/TaskTop_CreatingAZoomInProject_idcf2584ed.html"/>
         <topic label="Determining the Coupling Metric"
                href="html/ft_user/topics/TaskTop_DeterminingTheCouplingMetric_id200a4a0c.html"/>
      </topic>
      <topic label="Project Manager and General Dialog Boxes"
             href="html/ft_user/topics/Contain_ProjectManagerAndGeneralDialogBoxes_id26b9be79.html">
         <topic label="Base Project Changed Dialog Box"
                href="html/ft_user/topics/GUIRefT_BaseProjectChangedDialogBox_idfde3346f.html"/>
         <topic label="BCI-ROM Preferences Dialog Box"
                href="html/ft_user/topics/GUIRefT_BciRomPreferencesDialogBox_id28164b5a.html"/>
         <topic label="Create Category Dialog Box"
                href="html/ft_user/topics/GUIRefT_CreateCategoryDialogBox_id1a38b038.html"/>
         <topic label="Find Dialog Box"
                href="html/ft_user/topics/GUIRefT_FindDialogBox_idf2270786.html">
            <topic label="Find Dialog Box - Quick Criteria Tab"
                   href="html/ft_user/topics/GUIRefT_FindDialogBoxQuickCriteriaTab_id52b20993.html"/>
            <topic label="Find Dialog Box - Extended Criteria Tab"
                   href="html/ft_user/topics/GUIRefT_FindDialogBoxExtendedCriteriaTab_id43df5714.html"/>
         </topic>
         <topic label="Global Units Dialog Box"
                href="html/ft_user/topics/GUIRefT_GlobalUnitsDialogBox_id03b11aac.html"/>
         <topic label="License Timeout Dialog Box"
                href="html/ft_user/topics/GUIRefT_LicenseTimeoutDialogBox_id750ade4a.html"/>
         <topic label="Load Project Dialog Box"
                href="html/ft_user/topics/GUIRefT_LoadProjectDialogBox_id29eed42c.html"/>
         <topic label="Message Window"
                href="html/ft_user/topics/GUIRefT_MessageWindow_id5e5b6bb4.html"/>
         <topic label="New Project Dialog Box"
                href="html/ft_user/topics/GUIRefT_NewProjectDialogBox_idfabc6ef3.html"/>
         <topic label="Notes Dialog Box"
                href="html/ft_user/topics/GUIRefT_NotesDialogBox_idc8004bce.html"/>
         <topic label="Save Project Dialog Box"
                href="html/ft_user/topics/GUIRefT_SaveProjectDialogBox_id9b7cb3c6.html"/>
         <topic label="Thermal Netlist Preferences Dialog Box"
                href="html/ft_user/topics/GUIRefT_ThermalNetlistPreferencesDialogBox_id4c23e9db.html"/>
         <topic label="Thermal Netlist/BCI-ROM Export Progress Dialog Box"
                href="html/ft_user/topics/GUIRefT_ThermalNetlistbciRomExportProgressDialogBox_idc847117d.html"/>
         <topic label="User Preferences Dialog Box"
                href="html/ft_user/topics/GUIRefT_UserPreferencesDialogBox_idaa855ccd.html">
            <topic label="User Preferences Dialog Box - Project Manager Tab"
                   href="html/ft_user/topics/GUIRefT_UserPreferencesDialogBoxProjectManagerTab_ide595cfa1.html"/>
            <topic label="User Preferences Dialog Box - Drawing Board Tab"
                   href="html/ft_user/topics/GUIRefT_UserPreferencesDialogBoxDrawingBoardTab_id5c087343.html"/>
            <topic label="User Preferences Dialog Box - Summary Tab"
                   href="html/ft_user/topics/GUIRefT_UserPreferencesDialogBoxSummaryTab_id7f7ec805.html"/>
            <topic label="User Preferences Dialog Box - Analyze Mode Tab"
                   href="html/ft_user/topics/GUIRefT_UserPreferencesDialogBoxAnalyzeModeTab_id9aed1319.html"/>
         </topic>
         <topic label="Zoom-In Creation Dialog Box"
                href="html/ft_user/topics/GUIRefT_ZoomInCreationDialogBox_id48b86375.html"/>
      </topic>
   </topic>
   <topic label="Defining the Mathematical Model"
          href="html/ft_user/topics/MGCChap_DefiningTheMathematicalModel_idf3411f0f.html">
      <topic label="The Modeling Method"
             href="html/ft_user/topics/Concept_TheModelingMethod_idae3272ae.html"/>
      <topic label="The Solution Domain"
             href="html/ft_user/topics/Contain_TheSolutionDomain_idc621238f.html">
         <topic label="Solution Domain Overall Definitions"
                href="html/ft_user/topics/Concept_SolutionDomainOverallDefinitions_id653e567a.html"/>
         <topic label="Moving and Resizing the Solution Domain in the Drawing Board"
                href="html/ft_user/topics/TaskTop_MovingAndResizingTheSolutionDomainInTheDrawingBoard_id5c9bae32.html"/>
         <topic label="Boundary Types"
                href="html/ft_user/topics/Concept_BoundaryTypes_idf8910eb6.html"/>
         <topic label="Non-Cuboid Solution Domains"
                href="html/ft_user/topics/Concept_NonCuboidSolutionDomains_id458d05e4.html"/>
         <topic label="Examples of Open and Symmetry Boundaries"
                href="html/ft_user/topics/Concept_ExamplesOfOpenAndSymmetryBoundaries_id72e46ab7.html"/>
         <topic label="Symmetry and Radiation"
                href="html/ft_user/topics/Concept_SymmetryAndRadiation_id8b1b58d9.html"/>
      </topic>
      <topic label="Initial Values"
             href="html/ft_user/topics/Contain_InitialValues_id3f75b889.html">
         <topic label="Initial Values and Solution Type"
                href="html/ft_user/topics/Concept_InitialValuesAndSolutionType_ida999b580.html"/>
         <topic label="The Solution Variables"
                href="html/ft_user/topics/Concept_TheSolutionVariables_id0520b388.html"/>
         <topic label="Starting from a Previous Solution Set"
                href="html/ft_user/topics/TaskTop_StartingFromAPreviousSolutionSet_id32fa3712.html"/>
         <topic label="Viewing Initial Fields"
                href="html/ft_user/topics/TaskTop_ViewingInitialFields_id66958d33.html"/>
         <topic label="Setting Initial Field Values Over Subdomains"
                href="html/ft_user/topics/TaskTop_SettingInitialFieldValuesOverSubdomains_idabd8c462.html"/>
      </topic>
      <topic label="Solution Variable Types"
             href="html/ft_user/topics/Contain_SolutionVariableTypes_id02d375f4.html">
         <topic label="Base and Standard Derived Variables"
                href="html/ft_user/topics/Concept_BaseAndStandardDerivedVariables_iddf6bb19f.html"/>
         <topic label="Auxiliary Variables"
                href="html/ft_user/topics/Concept_AuxiliaryVariables_id12989e37.html"/>
         <topic label="Project Solution Variables Procedures"
                href="html/ft_user/topics/Contain_ProjectSolutionVariablesProcedures_id43f5847a.html">
            <topic label="Determining Base Solution Variables"
                   href="html/ft_user/topics/TaskTop_DeterminingBaseSolutionVariables_idf13b0dab.html"/>
            <topic label="Determining Additional Derived Variables"
                   href="html/ft_user/topics/TaskTop_DeterminingAdditionalDerivedVariables_ida940653e.html"/>
         </topic>
      </topic>
      <topic label="Modeling Selections"
             href="html/ft_user/topics/Contain_ModelingSelections_ideb0f3284.html">
         <topic label="Types of Solution"
                href="html/ft_user/topics/Concept_TypesOfSolution_id904b3960.html"/>
         <topic label="Mass Flux" href="html/ft_user/topics/Concept_MassFlux_id3e476f5d.html"/>
         <topic label="Heat Flux" href="html/ft_user/topics/Concept_HeatFlux_id4dd60342.html"/>
         <topic label="Surface Temperature"
                href="html/ft_user/topics/Concept_SurfaceTemperature_id7a16d753.html"/>
         <topic label="Temperature Gradient"
                href="html/ft_user/topics/Concept_TemperatureGradient_id682706a7.html"/>
         <topic label="Power Density"
                href="html/ft_user/topics/Concept_PowerDensity_id21430b61.html"/>
         <topic label="Bn and Sc" href="html/ft_user/topics/Concept_BnAndSc_id57ece963.html"/>
      </topic>
      <topic label="Modeling Dimensionality"
             href="html/ft_user/topics/Concept_ModelingDimensionality_ide8b4ed8f.html"/>
      <topic label="Capture Index"
             href="html/ft_user/topics/Contain_CaptureIndex_ida9b78ee7.html">
         <topic label="Concept of the Capture Index"
                href="html/ft_user/topics/Concept_ConceptOfTheCaptureIndex_id72063858.html"/>
         <topic label="Data Center Aisle Groups and Sub-Groups"
                href="html/ft_user/topics/Concept_DataCenterAisleGroupsAndSubGroups_id932dc48e.html"/>
         <topic label="Aisle Group CI Calculation"
                href="html/ft_user/topics/Concept_AisleGroupCiCalculation_idb2918e37.html"/>
         <topic label="Assessing CI Values for Data Center Design"
                href="html/ft_user/topics/Concept_AssessingCiValuesForDataCenterDesign_id6dacb49e.html"/>
         <topic label="Capture Index Procedures"
                href="html/ft_user/topics/Contain_CaptureIndexProcedures_id11cbd97c.html">
            <topic label="Attaching an Aisle Group or Sub-Group Name to an Object"
                   href="html/ft_user/topics/TaskTop_AttachingAnAisleGroupOrSubGroupNameToAnObject_idd7ffccd5.html"/>
            <topic label="Checking Aisle Group Attachments in Data Tree Summary Information"
                   href="html/ft_user/topics/TaskTop_CheckingAisleGroupAttachmentsInDataTreeSummaryInformation_id53ccdcb5.html"/>
            <topic label="Viewing Capture Index Results"
                   href="html/ft_user/topics/TaskTop_ViewingCaptureIndexResults_idbb8136ee.html"/>
            <topic label="Adding Capture Index to Command Center Scenarios"
                   href="html/ft_user/topics/TaskTop_AddingCaptureIndexToCommandCenterScenarios_id8d1e2dbd.html"/>
         </topic>
      </topic>
      <topic label="Solar Radiation"
             href="html/ft_user/topics/Contain_SolarRadiation_id194c7c42.html">
         <topic label="Solar Radiation Model"
                href="html/ft_user/topics/Concept_SolarRadiationModel_ida5722b81.html"/>
         <topic label="Including Solar Radiation"
                href="html/ft_user/topics/TaskTop_IncludingSolarRadiation_id46d4c72b.html"/>
      </topic>
      <topic label="Air Flow" href="html/ft_user/topics/Contain_AirFlow_id1bbb5c66.html">
         <topic label="Laminar Air Flow"
                href="html/ft_user/topics/Concept_LaminarAirFlow_id76233ddd.html"/>
         <topic label="Turbulent Air Flow and Models"
                href="html/ft_user/topics/Concept_TurbulentAirFlowAndModels_id5fa9d3d3.html"/>
         <topic label="Revised Algebraic Model"
                href="html/ft_user/topics/Concept_RevisedAlgebraicModel_id77404d18.html"/>
         <topic label="Automatic Algebraic Model"
                href="html/ft_user/topics/Concept_AutomaticAlgebraicModel_id3fb17551.html"/>
         <topic label="LVEL K-Epsilon Model"
                href="html/ft_user/topics/Concept_LvelKEpsilonModel_ided19a6e5.html"/>
      </topic>
      <topic label="Gravity" href="html/ft_user/topics/Contain_Gravity_id592fa7b8.html">
         <topic label="Modeling Gravity"
                href="html/ft_user/topics/Concept_ModelingGravity_idb4c9ec39.html"/>
         <topic label="Calculation of Gravity"
                href="html/ft_user/topics/Concept_CalculationOfGravity_idf9bddc94.html"/>
      </topic>
      <topic label="Changing the Fluid Properties"
             href="html/ft_user/topics/Concept_ChangingTheFluidProperties_idc639b801.html"/>
      <topic label="Reference Temperature and Pressure"
             href="html/ft_user/topics/Contain_ReferenceTemperatureAndPressure_id882a2b49.html">
         <topic label="Datum Pressure"
                href="html/ft_user/topics/Concept_DatumPressure_idfcb10ce0.html"/>
         <topic label="Modeling a Remote Radiation Source"
                href="html/ft_user/topics/Concept_ModelingARemoteRadiationSource_id3c6b822e.html"/>
         <topic label="Ambient Temperature when Modeling Buoyancy Force"
                href="html/ft_user/topics/Concept_AmbientTemperatureWhenModelingBuoyancyForce_idfc550642.html"/>
         <topic label="Default Initial Value for Temperature"
                href="html/ft_user/topics/Concept_DefaultInitialValueForTemperature_idec987b4a.html"/>
         <topic label="Transient Variation of Temperature"
                href="html/ft_user/topics/Concept_TransientVariationOfTemperature_idaad450aa.html"/>
      </topic>
      <topic label="Joule Heating Analysis"
             href="html/ft_user/topics/Contain_JouleHeatingAnalysis_iddf33a2e9.html">
         <topic label="Joule Heating Modeled by Source SmartParts"
                href="html/ft_user/topics/Concept_JouleHeatingModeledBySourceSmartparts_idb860fddc.html"/>
         <topic label="Joule Heating and Power Map SmartParts"
                href="html/ft_user/topics/Concept_JouleHeatingAndPowerMapSmartparts_id5d185826.html"/>
      </topic>
      <topic label="Solution Domain Dialog Boxes and Property Sheets"
             href="html/ft_user/topics/Contain_SolutionDomainDialogBoxesAndPropertySheets_idb3c76a2a.html">
         <topic label="System Property Sheet"
                href="html/ft_user/topics/GUIRefT_SystemPropertySheet_id53c9755d.html">
            <topic label="System Property Sheet Boundaries Tab"
                   href="html/ft_user/topics/GUIRefT_SystemPropertySheetBoundariesTab_id8d613817.html"/>
         </topic>
         <topic label="Subdomain Property Sheet"
                href="html/ft_user/topics/GUIRefT_SubdomainPropertySheet_id1a375d3c.html">
            <topic label="Subdomain Property Sheet Initial Values Tab"
                   href="html/ft_user/topics/GUIRefT_SubdomainPropertySheetInitialValuesTab_id4c91f222.html"/>
         </topic>
         <topic label="Solar Configuration Dialog Box"
                href="html/ft_user/topics/GUIRefT_SolarConfigurationDialogBox_id6d91b62b.html"/>
         <topic label="Model Setup Tab"
                href="html/ft_user/topics/GUIRefT_ModelSetupTab_ide8e4b082.html">
            <topic label="Model Setup Tab - Gravity Section"
                   href="html/ft_user/topics/GUIRefT_ModelSetupTabGravitySection_id73aea0da.html"/>
            <topic label="Model Setup Tab - Turbulence Section"
                   href="html/ft_user/topics/GUIRefT_ModelSetupTabTurbulenceSection_idef0e3543.html"/>
            <topic label="Model Setup Tab - Global System Settings Section"
                   href="html/ft_user/topics/GUIRefT_ModelSetupTabGlobalSystemSettingsSection_id00d4236a.html"/>
            <topic label="Model Setup Tab - Stored Variables Section"
                   href="html/ft_user/topics/GUIRefT_ModelSetupTabStoredVariablesSection_id0ffe317c.html"/>
            <topic label="Model Setup Tab - Auxiliary Variables Section"
                   href="html/ft_user/topics/GUIRefT_ModelSetupTabAuxiliaryVariablesSection_ide8274dfc.html"/>
         </topic>
         <topic label="Solver Control Tab"
                href="html/ft_user/topics/GUIRefT_SolverControlTab_ida0c1d66a.html">
            <topic label="Solver Control Tab - Monitor Point Solution Control Section"
                   href="html/ft_user/topics/GUIRefT_SolverControlTabMonitorPointSolutionControlSection_idf2cca121.html"/>
            <topic label="Solver Control Tab - Variable Solution Control Section"
                   href="html/ft_user/topics/GUIRefT_SolverControlTabVariableSolutionControlSection_idd2da4a45.html"/>
         </topic>
         <topic label="Solution Set Dialog Box"
                href="html/ft_user/topics/GUIRefT_SolutionSetDialogBox_idef2062ca.html"/>
         <topic label="Solution Type Changed Dialog Box"
                href="html/ft_user/topics/GUIRefT_SolutionTypeChangedDialogBox_id93b4fe40.html"/>
      </topic>
   </topic>
   <topic label="Creating, Importing, and Exporting Geometry"
          href="html/ft_user/topics/MGCChap_CreatingImportingAndExportingGeometry_idb910f496.html">
      <topic label="Overview of Geometry"
             href="html/ft_user/topics/Concept_OverviewOfGeometry_id380d48bf.html"/>
      <topic label="Coordinate Systems"
             href="html/ft_user/topics/Concept_CoordinateSystems_ide0530b84.html"/>
      <topic label="Construction Precedence Rules"
             href="html/ft_user/topics/Contain_ConstructionPrecedenceRules_id3351bb5d.html">
         <topic label="Construction Precedence Rules Overview"
                href="html/ft_user/topics/Concept_ConstructionPrecedenceRulesOverview_id2aaad0a1.html"/>
         <topic label="Context Rules for Primitives"
                href="html/ft_user/topics/Contain_ContextRulesForPrimitives_id1bd945d7.html">
            <topic label="Blocks or Prisms in Surface Contact"
                   href="html/ft_user/topics/Concept_BlocksOrPrismsInSurfaceContact_id8a9679a3.html"/>
            <topic label="Overlapping Intersecting Blocks or Prisms"
                   href="html/ft_user/topics/Concept_OverlappingIntersectingBlocksOrPrisms_id09b3394f.html"/>
            <topic label="Block Placed on the Surface of a Collapsed Cuboid"
                   href="html/ft_user/topics/Concept_BlockPlacedOnTheSurfaceOfACollapsedCuboid_ida95f515e.html"/>
            <topic label="Cuboid Block Intersected by a Collapsed Cuboid"
                   href="html/ft_user/topics/Concept_CuboidBlockIntersectedByACollapsedCuboid_id0d5145b1.html"/>
            <topic label="Cuboids in Contact with Sloping Blocks"
                   href="html/ft_user/topics/Concept_CuboidsInContactWithSlopingBlocks_id32b4564f.html"/>
            <topic label="Cuboids in Contact with Domain Edge"
                   href="html/ft_user/topics/Concept_CuboidsInContactWithDomainEdge_id461e66a7.html"/>
         </topic>
         <topic label="Context Rules for SmartParts"
                href="html/ft_user/topics/Contain_ContextRulesForSmartparts_id94fd6aa5.html">
            <topic label="Context Rules for Flow Devices"
                   href="html/ft_user/topics/Concept_ContextRulesForFlowDevices_id58553f3e.html"/>
            <topic label="Context Rules for Overlapping Fixed Flows"
                   href="html/ft_user/topics/Concept_ContextRulesForOverlappingFixedFlows_id7cbbb540.html"/>
            <topic label="Context Rules for Overlapping Supplies and Extracts of Recirculation Devices"
                   href="html/ft_user/topics/Concept_ContextRulesForOverlappingSuppliesAndExtractsOfRecirculationDevices_idf89da056.html"/>
            <topic label="Context Rules for Overlapping Sources"
                   href="html/ft_user/topics/Concept_ContextRulesForOverlappingSources_id7228ff8a.html"/>
            <topic label="Context Rules for Overlapping Components"
                   href="html/ft_user/topics/Concept_ContextRulesForOverlappingComponents_idbdaba722.html"/>
            <topic label="Context Rules for Network Assemblies and Heat Pipes"
                   href="html/ft_user/topics/Concept_ContextRulesForNetworkAssembliesAndHeatPipes_idab9a40f4.html"/>
            <topic label="Context Rules for Plate Conduction"
                   href="html/ft_user/topics/Concept_ContextRulesForPlateConduction_idb98d5a97.html"/>
         </topic>
      </topic>
      <topic label="Geometry Files"
             href="html/ft_user/topics/Contain_GeometryFiles_id5b3d19d0.html">
         <topic label="PDML Files" href="html/ft_user/topics/Concept_PdmlFiles_id5e6daca0.html"/>
         <topic label="FloXML Files"
                href="html/ft_user/topics/Concept_FloxmlFiles_id06c47ee5.html"/>
         <topic label="FloFEA Files"
                href="html/ft_user/topics/Concept_FlofeaFiles_ide8799227.html"/>
         <topic label="ECAD File Formats"
                href="html/ft_user/topics/Concept_EcadFileFormats_id4fa01e08.html"/>
         <topic label="ECXML Files"
                href="html/ft_user/topics/Concept_EcxmlFiles_id76acbeb4.html"/>
         <topic label="JEDEC Part Model XML Files (ThermalSection)"
                href="html/ft_user/topics/Concept_JedecPartModelXmlFilesThermalsection_id94897bc4.html"/>
         <topic label="Files Imported via FloMCAD Bridge"
                href="html/ft_user/topics/Concept_FilesImportedViaFlomcadBridge_idf5bfef30.html"/>
         <topic label="Files Imported via FloEDA Bridge"
                href="html/ft_user/topics/Concept_FilesImportedViaFloedaBridge_id364ab3ad.html"/>
         <topic label="Power Map Files"
                href="html/ft_user/topics/Concept_PowerMapFiles_id6620d13f.html"/>
      </topic>
      <topic label="Geometry Create and Import Operations"
             href="html/ft_user/topics/Contain_GeometryCreateAndImportOperations_id59341d15.html">
         <topic label="Creating Complex Shapes"
                href="html/ft_user/topics/TaskTop_CreatingComplexShapes_idd46d69eb.html"/>
         <topic label="Promoting and Demoting Objects"
                href="html/ft_user/topics/TaskTop_PromotingAndDemotingObjects_id809acc52.html"/>
         <topic label="Copying Objects"
                href="html/ft_user/topics/TaskTop_CopyingObjects_id759b0531.html"/>
         <topic label="Creating a Pattern of Objects"
                href="html/ft_user/topics/TaskTop_CreatingAPatternOfObjects_id5d9f0670.html"/>
         <topic label="Mirroring an Object"
                href="html/ft_user/topics/TaskTop_MirroringAnObject_id294e9bc2.html"/>
         <topic label="Importing FloXML Geometry Files"
                href="html/ft_user/topics/TaskTop_ImportingFloxmlGeometryFiles_idc9e04103.html"/>
         <topic label="Importing IDF Files"
                href="html/ft_user/topics/TaskTop_ImportingIdfFiles_id69ab3c7e.html"/>
         <topic label="Importing PDML Geometry Files"
                href="html/ft_user/topics/TaskTop_ImportingPdmlGeometryFiles_idbb20a36f.html"/>
         <topic label="Importing ECXML Files"
                href="html/ft_user/topics/TaskTop_ImportingEcxmlFiles_id543ba14d.html"/>
         <topic label="Importing Network Assemblies from JEDEC Part Model XML Files"
                href="html/ft_user/topics/TaskTop_ImportingNetworkAssembliesFromJEDECPartModelXMLFiles_ida637a731.html"/>
         <topic label="Importing T3Ster Files"
                href="html/ft_user/topics/TaskTop_ImportingT3sterFiles_idb26ee380.html"/>
         <topic label="Importing V1.4 Library Files"
                href="html/ft_user/topics/TaskTop_ImportingV14LibraryFiles_idd3bbd6b0.html"/>
         <topic label="Importing V2/V3 Project Assembly Files"
                href="html/ft_user/topics/TaskTop_ImportingV2V3ProjectAssemblyFiles_id9d5c73b8.html"/>
      </topic>
      <topic label="Export Operations"
             href="html/ft_user/topics/Contain_ExportOperations_id9e6a3af0.html">
         <topic label="Exporting Geometry"
                href="html/ft_user/topics/TaskTop_ExportingGeometry_id3caa261d.html"/>
         <topic label="Exporting an Assembly to FloTHERM PACK"
                href="html/ft_user/topics/TaskTop_ExportingAnAssemblyToFloTHERMPACK_ide316fbb3.html"/>
         <topic label="Exporting Network Assemblies to JEDEC Part Model XML Files"
                href="html/ft_user/topics/TaskTop_ExportingNetworkAssembliesToJedecPartModelXmlFiles_idd18a3983.html"/>
         <topic label="Converting Files to PDML Format"
                href="html/ft_user/topics/TaskTop_ConvertingFilesToPdmlFormat_id5c9faecb.html"/>
         <topic label="Exporting ECXML Files"
                href="html/ft_user/topics/TaskTop_ExportingEcxmlFiles_id7ab48681.html"/>
         <topic label="Creating FloXML from Spreadsheets"
                href="html/ft_user/topics/TaskTop_CreatingFloxmlFromSpreadsheets_idbda4dfc6.html"/>
      </topic>
      <topic label="Pattern Creation Dialog Box"
             href="html/ft_user/topics/GUIRefT_PatternCreationDialogBox_id8ddc0823.html"/>
   </topic>
   <topic label="Viewing and Manipulating Geometry"
          href="html/ft_user/topics/MGCChap_ViewingAndManipulatingGeometry_id087c4499.html">
      <topic label="The Drawing Board (GDA)"
             href="html/ft_user/topics/Contain_TheDrawingBoardGDA_id3a7c988b.html">
         <topic label="Interaction of the Drawing Board with the Data Tree"
                href="html/ft_user/topics/Concept_InteractionOfTheDrawingBoardWithTheDataTree_idf5169556.html"/>
         <topic label="Drawing Board Views"
                href="html/ft_user/topics/Concept_DrawingBoardViews_id5c155d8f.html"/>
         <topic label="Drawing Board Color Conventions"
                href="html/ft_user/topics/Concept_DrawingBoardColorConventions_id120be64f.html"/>
         <topic label="The Active Pane"
                href="html/ft_user/topics/Concept_TheActivePane_ida5a13bb8.html"/>
         <topic label="Snap Modes" href="html/ft_user/topics/Concept_SnapModes_id5826e140.html"/>
      </topic>
      <topic label="Viewing Geometry"
             href="html/ft_user/topics/Contain_ViewingGeometry_idcb1fa45e.html">
         <topic label="Changing Geometry Rendering"
                href="html/ft_user/topics/TaskTop_ChangingGeometryRendering_id459b0422.html"/>
         <topic label="Changing Mouse Mode in Create Mode"
                href="html/ft_user/topics/TaskTop_ChangingMouseModeInCreateMode_idc4b0cc66.html"/>
         <topic label="Tabbing Between Views"
                href="html/ft_user/topics/TaskTop_TabbingBetweenViews_id1d95f150.html"/>
         <topic label="Controls for Viewing the Spatial Solution Grid"
                href="html/ft_user/topics/Concept_ControlsForViewingTheSpatialSolutionGrid_id4a822c1c.html"/>
         <topic label="Changing the Orientation of a Drawing Board Pane"
                href="html/ft_user/topics/TaskTop_ChangingTheOrientationOfADrawingBoardPane_ide2faa112.html"/>
         <topic label="Aligning the View"
                href="html/ft_user/topics/TaskTop_AligningTheView_id80940d89.html"/>
         <topic label="Rotating the View Incrementally"
                href="html/ft_user/topics/TaskTop_RotatingTheViewIncrementally_id72080d0a.html"/>
         <topic label="Changing the View Using the Mouse"
                href="html/ft_user/topics/TaskTop_ChangingTheViewUsingTheMouse_id8aa13242.html"/>
         <topic label="Resizing the View"
                href="html/ft_user/topics/TaskTop_ResizingTheView_id60134aff.html"/>
         <topic label="Hiding Geometry"
                href="html/ft_user/topics/TaskTop_HidingGeometry_id5ac35e26.html"/>
         <topic label="Changing Geometry Transparency"
                href="html/ft_user/topics/TaskTop_ChangingGeometryTransparency_id415556d6.html"/>
         <topic label="Changing the GDA Background"
                href="html/ft_user/topics/TaskTop_ChangingTheGDABackground_idd0020236.html"/>
      </topic>
      <topic label="Manipulating Geometry"
             href="html/ft_user/topics/Contain_ManipulatingGeometry_idf990795b.html">
         <topic label="Selecting Objects in the Drawing Board"
                href="html/ft_user/topics/TaskTop_SelectingObjectsInTheDrawingBoard_id532507d7.html"/>
         <topic label="Moving Objects Using the Mouse"
                href="html/ft_user/topics/TaskTop_MovingObjectsUsingTheMouse_ide0e0bc41.html"/>
         <topic label="Aligning an Object Using the Keyboard"
                href="html/ft_user/topics/TaskTop_AligningAnObjectUsingTheKeyboard_idc2f253d8.html"/>
         <topic label="Aligning One or More Objects to Another Object"
                href="html/ft_user/topics/TaskTop_AligningOneOrMoreObjectsToAnotherObject_ide322198f.html"/>
         <topic label="Moving Objects by Specified Coordinate Distances"
                href="html/ft_user/topics/TaskTop_MovingObjectsBySpecifiedCoordinateDistances_id1296dead.html"/>
         <topic label="Resizing Objects Using the Mouse"
                href="html/ft_user/topics/TaskTop_ResizingObjectsUsingTheMouse_ida01769a8.html"/>
         <topic label="Copying Objects in the Drawing Board"
                href="html/ft_user/topics/TaskTop_CopyingObjectsInTheDrawingBoard_idc8b873c4.html"/>
         <topic label="Measuring the Distance Between Geometry Vertices or Edges"
                href="html/ft_user/topics/TaskTop_MeasuringTheDistanceBetweenGeometryVerticesOrEdges_id90613cd9.html"/>
         <topic label="Rotating Objects"
                href="html/ft_user/topics/TaskTop_RotatingObjects_id71e6b050.html"/>
      </topic>
      <topic label="Drawing Board Dialog Boxes"
             href="html/ft_user/topics/Contain_DrawingBoardDialogBoxes_id4ab9b03d.html">
         <topic label="Align Dialog Box"
                href="html/ft_user/topics/GUIRefT_AlignDialogBox_idf37bfdb0.html"/>
         <topic label="Measure Dialog Box"
                href="html/ft_user/topics/GUIRefT_MeasureDialogBox_id16e74176.html"/>
         <topic label="Move Dialog Box"
                href="html/ft_user/topics/GUIRefT_MoveDialogBox_idc478f694.html"/>
         <topic label="Rotate View Dialog Box"
                href="html/ft_user/topics/GUIRefT_RotateViewDialogBox_id2627cfa8.html"/>
         <topic label="Drawing Board Tool Icons"
                href="html/ft_user/topics/General_DrawingBoardToolIcons_id6a4ad42e.html"/>
      </topic>
   </topic>
   <topic label="Libraries" href="html/ft_user/topics/MGCChap_Libraries_idef117936.html">
      <topic label="Library Overview"
             href="html/ft_user/topics/Concept_LibraryOverview_idd3647f48.html"/>
      <topic label="Library Folder Operations"
             href="html/ft_user/topics/Contain_LibraryFolderOperations_id526f9ec5.html">
         <topic label="Adding a New Library"
                href="html/ft_user/topics/TaskTop_AddingANewLibrary_id85cc928e.html"/>
         <topic label="Adding Items to a Library from the Current Project"
                href="html/ft_user/topics/TaskTop_AddingItemsToALibraryFromTheCurrentProject_id12550284.html"/>
         <topic label="Importing Library Files"
                href="html/ft_user/topics/TaskTop_ImportingLibraryFiles_id56eb5fe9.html"/>
         <topic label="Copying Libraries"
                href="html/ft_user/topics/TaskTop_CopyingLibraries_id0a70473a.html"/>
         <topic label="Refreshing a Library Folder"
                href="html/ft_user/topics/TaskTop_RefreshingALibraryFolder_iddabe3911.html"/>
         <topic label="Deleting a Library Folder"
                href="html/ft_user/topics/TaskTop_DeletingALibraryFolder_id9dd2b656.html"/>
         <topic label="Exporting a Library Folder"
                href="html/ft_user/topics/TaskTop_ExportingALibraryFolder_id2f3ef422.html"/>
      </topic>
      <topic label="Library Item Operations"
             href="html/ft_user/topics/Contain_LibraryItemOperations_id84d84609.html">
         <topic label="Copying Geometry from Libraries to the Data Tree"
                href="html/ft_user/topics/TaskTop_CopyingGeometryFromLibrariesToTheDataTree_ided19a494.html"/>
         <topic label="Copying an Attribute from a Library Folder to the Data Tree"
                href="html/ft_user/topics/TaskTop_CopyingAnAttributeFromALibraryFolderToTheDataTree_id2ce37008.html"/>
         <topic label="Moving and Copying Library Items Between Library Folders"
                href="html/ft_user/topics/TaskTop_MovingAndCopyingLibraryItemsBetweenLibraryFolders_id16c09a62.html"/>
         <topic label="Saving Project Geometry to a Library Folder"
                href="html/ft_user/topics/TaskTop_SavingProjectGeometryToALibraryFolder_id40683512.html"/>
      </topic>
      <topic label="Starter Libraries"
             href="html/ft_user/topics/Concept_StarterLibraries_id1c10a7b3.html"/>
      <topic label="Generic Data Center Library"
             href="html/ft_user/topics/Contain_GenericDataCenterLibrary_id87362c30.html">
         <topic label="Generic CRAC Units"
                href="html/ft_user/topics/Concept_GenericCracUnits_id58d0551a.html"/>
         <topic label="Generic Cabinets"
                href="html/ft_user/topics/Concept_GenericCabinets_id9da16525.html"/>
         <topic label="Equipment for High Detail Cabinet"
                href="html/ft_user/topics/Concept_EquipmentForHighDetailCabinet_id7063db73.html"/>
         <topic label="Generic Floor Grille"
                href="html/ft_user/topics/Concept_GenericFloorGrille_idc52c1bda.html"/>
         <topic label="Generic Floor Support"
                href="html/ft_user/topics/Concept_GenericFloorSupport_id21186dd3.html"/>
      </topic>
      <topic label="Gilberts Data Center Library"
             href="html/ft_user/topics/Concept_GilbertsDataCenterLibrary_idad340d12.html"/>
      <topic label="Library Property Sheets and Dialog Boxes"
             href="html/ft_user/topics/Contain_LibraryPropertySheetsAndDialogBoxes_id7df908ab.html">
         <topic label="Library Data Property Sheet"
                href="html/ft_user/topics/GUIRefT_LibraryDataPropertySheet_id13925af7.html"/>
         <topic label="Create Library Dialog Box"
                href="html/ft_user/topics/GUIRefT_CreateLibraryDialogBox_id8838f47b.html"/>
      </topic>
   </topic>
   <topic label="Spatial Solution Grid"
          href="html/ft_user/topics/MGCChap_SpatialSolutionGrid_id526aa9f5.html">
      <topic label="Spatial Solution Grid Overview"
             href="html/ft_user/topics/Concept_SpatialSolutionGridOverview_id915d9ef3.html"/>
      <topic label="Overview of Grid Modification"
             href="html/ft_user/topics/Concept_OverviewOfGridModification_id6a69dd8c.html"/>
      <topic label="Grid Calculation Order"
             href="html/ft_user/topics/Concept_GridCalculationOrder_idbe0a47d5.html"/>
      <topic label="Grid Suitability"
             href="html/ft_user/topics/Concept_GridSuitability_id58a56c4f.html"/>
      <topic label="Grid Constraints"
             href="html/ft_user/topics/Concept_GridConstraints_idc5910d5b.html"/>
      <topic label="Grid Localization"
             href="html/ft_user/topics/Contain_GridLocalization_id6fd0e6a3.html">
         <topic label="General Effect of Localizing a Grid"
                href="html/ft_user/topics/Concept_GeneralEffectOfLocalizingAGrid_id6554041f.html"/>
         <topic label="Nested Localized Grid Spaces"
                href="html/ft_user/topics/Concept_NestedLocalizedGridSpaces_idd50b4a54.html"/>
         <topic label="Abutment of Localized Grid Spaces"
                href="html/ft_user/topics/Concept_AbutmentOfLocalizedGridSpaces_idde7e8fda.html"/>
         <topic label="Keypoints and Localized Grids"
                href="html/ft_user/topics/Concept_KeypointsAndLocalizedGrids_iddb6c9ef6.html"/>
         <topic label="Localization of Inflated Grids"
                href="html/ft_user/topics/Concept_LocalizationOfInflatedGrids_idb210da37.html"/>
         <topic label="Grid Space Overlap when Localizing"
                href="html/ft_user/topics/Concept_GridSpaceOverlapWhenLocalizing_id98fb1a9c.html"/>
         <topic label="Localization Near the Edge of the Solution Domain"
                href="html/ft_user/topics/Concept_LocalizationNearTheEdgeOfTheSolutionDomain_id39a793b4.html"/>
         <topic label="Objects Located Inside a Localized Grid"
                href="html/ft_user/topics/Concept_ObjectsLocatedInsideALocalizedGrid_iddb966b28.html"/>
         <topic label="Object Location Restrictions when Using Localized Grids"
                href="html/ft_user/topics/Concept_ObjectLocationRestrictionsWhenUsingLocalizedGrids_id81d2ee92.html"/>
         <topic label="Grid Smoothing and Localized Cells"
                href="html/ft_user/topics/Concept_GridSmoothingAndLocalizedCells_id173086a8.html"/>
         <topic label="Minimum Cell Size and Localized Cells"
                href="html/ft_user/topics/Concept_MinimumCellSizeAndLocalizedCells_idce2cc5f1.html"/>
      </topic>
      <topic label="Grid Inflation"
             href="html/ft_user/topics/Concept_GridInflation_idf0bce1ee.html"/>
      <topic label="Grid Smoothing"
             href="html/ft_user/topics/Concept_GridSmoothing_id4c1560f1.html"/>
      <topic label="Keypoint Deactivation (De-keypointing)"
             href="html/ft_user/topics/Concept_KeypointDeactivationDeKeypointing_id08ea42f8.html"/>
      <topic label="Grid Operations"
             href="html/ft_user/topics/Contain_GridOperations_id9da5cf93.html">
         <topic label="Debugging the Grid of Large Aspect Ratio Cells"
                href="html/ft_user/topics/TaskTop_DebuggingTheGridOfLargeAspectRatioCells_id09cec1f9.html"/>
         <topic label="Setting System Grid Constraints"
                href="html/ft_user/topics/TaskTop_SettingSystemGridConstraints_id17f7265a.html"/>
         <topic label="Setting an Object Grid Constraint"
                href="html/ft_user/topics/TaskTop_SettingAnObjectGridConstraint_id10f1bb69.html"/>
         <topic label="Localizing the Grid Around an Object"
                href="html/ft_user/topics/TaskTop_LocalizingTheGridAroundAnObject_id962fa190.html"/>
         <topic label="Inflating the Grid Around an Object"
                href="html/ft_user/topics/TaskTop_InflatingTheGridAroundAnObject_idacb0508c.html"/>
         <topic label="Deflating the Grid Around an Object"
                href="html/ft_user/topics/TaskTop_DeflatingTheGridAroundAnObject_id7ad6cf25.html"/>
         <topic label="Smoothing the Grid"
                href="html/ft_user/topics/TaskTop_SmoothingTheGrid_id1d17d783.html"/>
      </topic>
      <topic label="Solution Grid Property Sheets and Dialog Boxes"
             href="html/ft_user/topics/Contain_SolutionGridPropertySheetsAndDialogBoxes_id8bc4760f.html">
         <topic label="System Grid Property Sheet"
                href="html/ft_user/topics/GUIRefT_SystemGridPropertySheet_id9f660e29.html"/>
         <topic label="Grid Summary Dialog"
                href="html/ft_user/topics/GUIRefT_GridSummaryDialog_id3b519b11.html"/>
         <topic label="Grid Changed Dialog Box"
                href="html/ft_user/topics/GUIRefT_GridChangedDialogBox_id4099a894.html"/>
         <topic label="Previous Software Version Dialog Box"
                href="html/ft_user/topics/GUIRefT_PreviousSoftwareVersionDialogBox_id7471cb89.html"/>
      </topic>
   </topic>
   <topic label="Transient Analysis"
          href="html/ft_user/topics/MGCChap_TransientAnalysis_ide8a79441.html">
      <topic label="Transient Analysis Introduction"
             href="html/ft_user/topics/Concept_TransientAnalysisIntroduction_idc4e335a6.html"/>
      <topic label="Total Transient Time and the Transient Solution Period"
             href="html/ft_user/topics/Concept_TotalTransientTimeAndTheTransientSolutionPeriod_id6a053214.html"/>
      <topic label="Time Steps and the Time Distribution Plot"
             href="html/ft_user/topics/Concept_TimeStepsAndTheTimeDistributionPlot_id3a497d15.html"/>
      <topic label="Transient Analysis Residuals"
             href="html/ft_user/topics/Concept_TransientAnalysisResiduals_id7428227c.html"/>
      <topic label="Transient Analysis Resolution"
             href="html/ft_user/topics/Concept_TransientAnalysisResolution_id16921835.html"/>
      <topic label="Time Patches"
             href="html/ft_user/topics/Concept_TimePatches_ided4399b8.html"/>
      <topic label="Time Step Distribution Types"
             href="html/ft_user/topics/Concept_TimeStepDistributionTypes_id66ffc06c.html"/>
      <topic label="Transient Keypoints and Keypoint Tolerance"
             href="html/ft_user/topics/Concept_TransientKeypointsAndKeypointTolerance_id71e9ed20.html"/>
      <topic label="Transient Functions (Time-Varying Attributes)"
             href="html/ft_user/topics/Concept_TransientFunctionsTimeVaryingAttributes_id345b679d.html"/>
      <topic label="Save Times" href="html/ft_user/topics/Concept_SaveTimes_idcde1230d.html"/>
      <topic label="Transient Analysis Procedures"
             href="html/ft_user/topics/Contain_TransientAnalysisProcedures_id7a9c2391.html">
         <topic label="Obtaining Initial Data from Steady-State Analysis"
                href="html/ft_user/topics/TaskTop_ObtainingInitialDataFromSteadyStateAnalysis_idda02c171.html"/>
         <topic label="Setting up a Transient Analysis Time Grid"
                href="html/ft_user/topics/TaskTop_SettingUpATransientAnalysisTimeGrid_idb4eae4c9.html"/>
         <topic label="Creating Time Patches"
                href="html/ft_user/topics/TaskTop_CreatingTimePatches_id2d4728b9.html"/>
         <topic label="Setting Save Times"
                href="html/ft_user/topics/TaskTop_SettingSaveTimes_id28950340.html"/>
         <topic label="Solving a Transient Analysis"
                href="html/ft_user/topics/TaskTop_SolvingATransientAnalysis_id5911ff9b.html"/>
         <topic label="Viewing Plots of Transient Save Time Data"
                href="html/ft_user/topics/TaskTop_ViewingPlotsOfTransientSaveTimeData_idb1602022.html"/>
         <topic label="Viewing Transient Save Time Data in Tables"
                href="html/ft_user/topics/TaskTop_ViewingTransientSaveTimeDataInTables_idfc682bd5.html"/>
      </topic>
      <topic label="Transient Solution Dialog Box"
             href="html/ft_user/topics/GUIRefT_TransientSolutionDialogBox_ide2e12725.html"/>
   </topic>
   <topic label="Solving the Project"
          href="html/ft_user/topics/MGCChap_SolvingTheProject_id8c5ed4e0.html">
      <topic label="Solver Overview"
             href="html/ft_user/topics/Concept_SolverOverview_id44a20207.html"/>
      <topic label="Monitor Points"
             href="html/ft_user/topics/Concept_MonitorPoints_id51830a7c.html"/>
      <topic label="Pre-Solve Checks"
             href="html/ft_user/topics/Concept_PreSolveChecks_ided5480bd.html"/>
      <topic label="Exchange Factors"
             href="html/ft_user/topics/Concept_ExchangeFactors_id1b75fe29.html"/>
      <topic label="Interactive Solve Procedures"
             href="html/ft_user/topics/Contain_InteractiveSolveProcedures_ideb1c1661.html">
         <topic label="Obtaining Maximum Solver Performance"
                href="html/ft_user/topics/TaskTop_ObtainingMaximumSolverPerformance_idb0857586.html"/>
         <topic label="Sanity Checking"
                href="html/ft_user/topics/TaskTop_SanityChecking_idedcc8b5f.html"/>
         <topic label="Solving in Interactive Mode"
                href="html/ft_user/topics/TaskTop_SolvingInInteractiveMode_id39a3bc3b.html"/>
         <topic label="Re-initializing Variable Fields"
                href="html/ft_user/topics/TaskTop_ReInitializingVariableFields_id5f836ae1.html"/>
         <topic label="Interrupting and Resuming an Interactive Solution"
                href="html/ft_user/topics/TaskTop_InterruptingAndResumingAnInteractiveSolution_idc2c1ae23.html"/>
         <topic label="Aborting an Interactive Solution"
                href="html/ft_user/topics/TaskTop_AbortingAnInteractiveSolution_ida6b58417.html"/>
         <topic label="Setting Solution Process Priority Using the Task Manager"
                href="html/ft_user/topics/TaskTop_SettingSolutionProcessPriorityUsingTheTaskManager_id02f3ef7e.html"/>
      </topic>
      <topic label="Batch Mode Solve"
             href="html/ft_user/topics/Concept_BatchModeSolve_idc03567b4.html"/>
      <topic label="Files Used Before, During and After Batch Solves"
             href="html/ft_user/topics/Contain_FilesUsedBeforeDuringAndAfterBatchSolves_ida8fb21b2.html">
         <topic label="Batch Files"
                href="html/ft_user/topics/Concept_BatchFiles_idc88e519e.html"/>
         <topic label="logit File" href="html/ft_user/topics/Concept_LogitFile_idd5d33260.html"/>
         <topic label="floerror.log File"
                href="html/ft_user/topics/Concept_FloerrorLogFile_id0964a696.html"/>
         <topic label="Output CSV Files"
                href="html/ft_user/topics/Concept_OutputCsvFiles_id573da527.html"/>
      </topic>
      <topic label="Batch Solve Procedures"
             href="html/ft_user/topics/Contain_BatchSolveProcedures_id07cfec02.html">
         <topic label="Solving in Batch Mode"
                href="html/ft_user/topics/TaskTop_SolvingInBatchMode_id74a9a25e.html"/>
         <topic label="Using batchSolve to Solve in Batch Mode on Linux Systems"
                href="html/ft_user/topics/TaskTop_UsingBatchsolveToSolveInBatchModeOnLinuxSystems_id6d0250da.html"/>
         <topic label="Environment Setup on Linux Systems"
                href="html/ft_user/topics/TaskTop_EnvironmentSetupOnLinuxSystems_id1ea6a321.html"/>
         <topic label="Monitoring the Solution in Batch Mode"
                href="html/ft_user/topics/TaskTop_MonitoringTheSolutionInBatchMode_idf477e30b.html"/>
         <topic label="Interrupting a Batch Solution"
                href="html/ft_user/topics/TaskTop_InterruptingABatchSolution_idb0998b16.html"/>
         <topic label="Setting up a Batch Mode Completion Email Notification"
                href="html/ft_user/topics/TaskTop_SettingUpABatchModeCompletionEmailNotification_idc2d7a0c6.html"/>
         <topic label="Setting Solution Process Priority Using an Environment Variable"
                href="html/ft_user/topics/TaskTop_SettingSolutionProcessPriorityUsingAnEnvironmentVariable_id53f5a149.html"/>
      </topic>
      <topic label="Transient Analysis Cases"
             href="html/ft_user/topics/Concept_TransientAnalysisCases_id24ae469e.html"/>
      <topic label="Solve Dialog Boxes"
             href="html/ft_user/topics/Contain_SolveDialogBoxes_id2fcb6d92.html">
         <topic label="Solver Progress Dialog Box"
                href="html/ft_user/topics/GUIRefT_SolverProgressDialogBox_id97188e2a.html"/>
         <topic label="Exchange Factors Calculation Progress Dialog Box"
                href="html/ft_user/topics/GUIRefT_ExchangeFactorsCalculationProgressDialogBox_iddbd0955d.html"/>
      </topic>
   </topic>
   <topic label="Solution Monitoring and Profile Plots"
          href="html/ft_user/topics/MGCChap_SolutionMonitoringAndProfilePlots_idffad2d10.html">
      <topic label="Solution Monitoring"
             href="html/ft_user/topics/Concept_SolutionMonitoring_id8c8eb791.html"/>
      <topic label="Profiles Window"
             href="html/ft_user/topics/GUIRefT_ProfilesWindow_id87d590e2.html"/>
      <topic label="Profile Plot Features"
             href="html/ft_user/topics/Concept_ProfilePlotFeatures_ide098502d.html"/>
      <topic label="Available Plots"
             href="html/ft_user/topics/Contain_AvailablePlots_idb157a5c8.html">
         <topic label="Residuals v Iteration Plot (Steady State)"
                href="html/ft_user/topics/GUIRefT_ResidualsVIterationPlotSteadyState_id4f7accef.html"/>
         <topic label="Residuals v Iteration Plot (Transient)"
                href="html/ft_user/topics/GUIRefT_ResidualsVIterationPlotTransient_ideac516d4.html"/>
         <topic label="Residual Iterations v Time Plot (Transient)"
                href="html/ft_user/topics/GUIRefT_ResidualIterationsVTimePlotTransient_id63556d17.html"/>
         <topic label="Residuals v Time Plot (Transient)"
                href="html/ft_user/topics/GUIRefT_ResidualsVTimePlotTransient_idca112899.html"/>
         <topic label="Monitor Points v Iteration Plot (Steady State)"
                href="html/ft_user/topics/GUIRefT_MonitorPointsVIterationPlotSteadyState_id4d8aa795.html"/>
         <topic label="Monitor Points v Time Plot (Transient)"
                href="html/ft_user/topics/GUIRefT_MonitorPointsVTimePlotTransient_id256cdc15.html"/>
         <topic label="Results v Distance Plot"
                href="html/ft_user/topics/GUIRefT_ResultsVDistancePlot_id53dce179.html"/>
      </topic>
      <topic label="Plot Procedures"
             href="html/ft_user/topics/Contain_PlotProcedures_idafcbfbb7.html">
         <topic label="Creating New Plots"
                href="html/ft_user/topics/TaskTop_CreatingNewPlots_id78790a28.html"/>
         <topic label="Configuring Monitor Point Plots"
                href="html/ft_user/topics/TaskTop_ConfiguringMonitorPointPlots_idc708e381.html"/>
         <topic label="Tiling Plots"
                href="html/ft_user/topics/TaskTop_TilingPlots_id0f2a9ccb.html"/>
         <topic label="Exporting a Plot Profile"
                href="html/ft_user/topics/TaskTop_ExportingAPlotProfile_id397e4096.html"/>
      </topic>
      <topic label="Plot Property Sheet"
             href="html/ft_user/topics/GUIRefT_PlotPropertySheet_idce9f3fc9.html">
         <topic label="Plot Property Sheet Settings Tab"
                href="html/ft_user/topics/GUIRefT_PlotPropertySheetSettingsTab_idc3331e56.html"/>
      </topic>
   </topic>
   <topic label="Advanced Solution Controls"
          href="html/ft_user/topics/MGCChap_AdvancedSolutionControls_idb2daab29.html">
      <topic label="The Solution Process"
             href="html/ft_user/topics/Concept_TheSolutionProcess_ide2059f6f.html"/>
      <topic label="Program-Calculated Termination Residuals"
             href="html/ft_user/topics/Concept_ProgramCalculatedTerminationResiduals_id229665f0.html"/>
      <topic label="Possible Solution Scenarios"
             href="html/ft_user/topics/Concept_PossibleSolutionScenarios_id9c2d5150.html"/>
      <topic label="Controlling the Solution"
             href="html/ft_user/topics/Concept_ControllingTheSolution_id05b7e66f.html"/>
      <topic label="Techniques for Controlling the Solution"
             href="html/ft_user/topics/Contain_TechniquesForControllingTheSolution_idb59ed8b2.html">
         <topic label="False Time Step Relaxation"
                href="html/ft_user/topics/Concept_FalseTimeStepRelaxation_id51c577d6.html"/>
         <topic label="Multi Grid Damping"
                href="html/ft_user/topics/Concept_MultiGridDamping_id0d404167.html"/>
         <topic label="Inner Iterations"
                href="html/ft_user/topics/Concept_InnerIterations_idc5c0f071.html"/>
         <topic label="Fan Relaxation"
                href="html/ft_user/topics/Concept_FanRelaxation_idcadbd786.html"/>
         <topic label="Monitor Point Convergence for Temperature"
                href="html/ft_user/topics/Concept_MonitorPointConvergenceForTemperature_id0f8332d3.html"/>
         <topic label="Error Field"
                href="html/ft_user/topics/Concept_ErrorField_idbf57e275.html"/>
         <topic label="User-Specified Termination Residuals"
                href="html/ft_user/topics/Concept_UserSpecifiedTerminationResiduals_id4955ec6c.html"/>
         <topic label="Double Precision Solver"
                href="html/ft_user/topics/Concept_DoublePrecisionSolver_id9e877d07.html"/>
      </topic>
   </topic>
   <topic label="Viewing Results"
          href="html/ft_user/topics/MGCChap_ViewingResults_idf4449029.html">
      <topic label="Analyze Mode"
             href="html/ft_user/topics/Concept_AnalyzeMode_idf0837930.html"/>
      <topic label="Results Tree"
             href="html/ft_user/topics/General_ResultsTree_idb67f061f.html"/>
      <topic label="Transient Time Step Selector"
             href="html/ft_user/topics/General_TransientTimeStepSelector_iddf0f2864.html"/>
      <topic label="Results Tree Property Sheet Functionality"
             href="html/ft_user/topics/Concept_ResultsTreePropertySheetFunctionality_ida4558c26.html"/>
      <topic label="Analyze Mode Mouse Pointer"
             href="html/ft_user/topics/General_AnalyzeModeMousePointer_idd4cbee59.html"/>
      <topic label="Analyze Mode Operations"
             href="html/ft_user/topics/Contain_AnalyzeModeOperations_id7085fb2d.html">
         <topic label="Changing Mouse Mode in Analyze Mode"
                href="html/ft_user/topics/TaskTop_ChangingMouseModeInAnalyzeMode_id2a2cb113.html"/>
         <topic label="Changing the Appearance of the GDA in Analyze Mode"
                href="html/ft_user/topics/TaskTop_ChangingTheAppearanceOfTheGdaInAnalyzeMode_idfeecaaff.html"/>
         <topic label="Manipulating the View in Analyze Mode"
                href="html/ft_user/topics/Concept_ManipulatingTheViewInAnalyzeMode_id6b6188b7.html"/>
         <topic label="Saving the Current Analyze State"
                href="html/ft_user/topics/TaskTop_SavingTheCurrentAnalyzeState_id94ca966d.html"/>
         <topic label="Loading a Previously Saved Analyze State"
                href="html/ft_user/topics/TaskTop_LoadingAPreviouslySavedAnalyzeState_ida1b3494d.html"/>
         <topic label="Reinitializing the Analyze State"
                href="html/ft_user/topics/TaskTop_ReinitializingTheAnalyzeState_id60cd0495.html"/>
         <topic label="Working with Plots"
                href="html/ft_user/topics/Contain_WorkingWithPlots_id4233b1fc.html">
            <topic label="Creating a Plane Plot"
                   href="html/ft_user/topics/TaskTop_CreatingAPlanePlot_id20c853ad.html"/>
            <topic label="Associating an Existing Plane Plot with Geometry"
                   href="html/ft_user/topics/TaskTop_AssociatingAnExistingPlanePlotWithGeometry_id48a1eccd.html"/>
            <topic label="Associating an Existing Plane Plot with Results"
                   href="html/ft_user/topics/TaskTop_AssociatingAnExistingPlanePlotWithResults_idcd296a41.html"/>
            <topic label="Moving a Plane Plot"
                   href="html/ft_user/topics/TaskTop_MovingAPlanePlot_idb84fbf5e.html"/>
            <topic label="Cutting a Plane Plot"
                   href="html/ft_user/topics/TaskTop_CuttingAPlanePlot_id90de5d44.html"/>
            <topic label="Creating a Surface Plot"
                   href="html/ft_user/topics/TaskTop_CreatingASurfacePlot_id7ba5eef4.html"/>
            <topic label="Creating an Isosurface"
                   href="html/ft_user/topics/TaskTop_CreatingAnIsosurface_id38e9f95d.html"/>
            <topic label="Creating and Moving Particle Sources"
                   href="html/ft_user/topics/TaskTop_CreatingAndMovingParticleSources_idd4e3fe60.html"/>
            <topic label="Moving a Plot Legend"
                   href="html/ft_user/topics/TaskTop_MovingAPlotLegend_id9643cebe.html"/>
         </topic>
         <topic label="Working With Annotations"
                href="html/ft_user/topics/Contain_WorkingWithAnnotations_id9fd5e474.html">
            <topic label="Adding an Annotation to Geometry or a Plot"
                   href="html/ft_user/topics/TaskTop_AddingAnAnnotationToGeometryOrAPlot_id29f19eed.html"/>
            <topic label="Adding a Global Maximum or Minimum Annotation"
                   href="html/ft_user/topics/TaskTop_AddingAGlobalMaximumOrMinimumAnnotation_id5a0c6c25.html"/>
            <topic label="Adding an Annotation to the Center of a Geometry Object"
                   href="html/ft_user/topics/TaskTop_AddingAnAnnotationToTheCenterOfAGeometryObject_id09056f92.html"/>
            <topic label="Adding a Maximum or Minimum Annotation to a Plot"
                   href="html/ft_user/topics/TaskTop_AddingAMaximumOrMinimumAnnotationToAPlot_idc712500d.html"/>
            <topic label="Adding a Note to an Annotation"
                   href="html/ft_user/topics/TaskTop_AddingANoteToAnAnnotation_idf21d5350.html"/>
            <topic label="Moving an Annotation"
                   href="html/ft_user/topics/TaskTop_MovingAnAnnotation_id46010adc.html"/>
         </topic>
         <topic label="Working with Viewpoints"
                href="html/ft_user/topics/Contain_WorkingWithViewpoints_idd549557b.html">
            <topic label="Creating a Viewpoint"
                   href="html/ft_user/topics/TaskTop_CreatingAViewpoint_idfa2e25aa.html"/>
            <topic label="Jumping to a Viewpoint"
                   href="html/ft_user/topics/TaskTop_JumpingToAViewpoint_id8d31a99a.html"/>
         </topic>
         <topic label="Working with Animations"
                href="html/ft_user/topics/Contain_WorkingWithAnimations_id360744dd.html">
            <topic label="Animating Plots"
                   href="html/ft_user/topics/TaskTop_AnimatingPlots_idaf0e6598.html"/>
            <topic label="Saving Animations"
                   href="html/ft_user/topics/TaskTop_SavingAnimations_idd63d8dad.html"/>
         </topic>
         <topic label="Selecting Geometry Associated with a Plot or Annotation"
                href="html/ft_user/topics/TaskTop_SelectingGeometryAssociatedWithAPlotOrAnnotation_idf7602284.html"/>
         <topic label="Exporting Cell by Cell Results Data"
                href="html/ft_user/topics/TaskTop_ExportingCellByCellResultsData_id874adcfd.html"/>
      </topic>
      <topic label="Results Property Sheets"
             href="html/ft_user/topics/Contain_ResultsPropertySheets_id7cb08f48.html">
         <topic label="Scalar Field Variable Property Sheet"
                href="html/ft_user/topics/GUIRefT_ScalarFieldVariablePropertySheet_idf766eab5.html"/>
         <topic label="Vector Field Property Sheet"
                href="html/ft_user/topics/GUIRefT_VectorFieldPropertySheet_idc157a2d5.html"/>
         <topic label="Isosurface Property Sheet"
                href="html/ft_user/topics/GUIRefT_IsosurfacePropertySheet_idc698da4c.html"/>
         <topic label="Plane Plot Property Sheet"
                href="html/ft_user/topics/GUIRefT_PlanePlotPropertySheet_idff06c3f6.html"/>
         <topic label="Surface Plot Property Sheet"
                href="html/ft_user/topics/GUIRefT_SurfacePlotPropertySheet_idf4c8cc9a.html"/>
         <topic label="Particle Source Property Sheet"
                href="html/ft_user/topics/GUIRefT_ParticleSourcePropertySheet_id08684ceb.html">
            <topic label="Particle Source Property Sheet - Definition Tab"
                   href="html/ft_user/topics/GUIRefT_ParticleSourcePropertySheetDefinitionTab_id183b1ee6.html"/>
            <topic label="Particle Source Property Sheet - Appearance Tab"
                   href="html/ft_user/topics/GUIRefT_ParticleSourcePropertySheetAppearanceTab_idf7093e74.html"/>
         </topic>
         <topic label="Annotation Property Sheet"
                href="html/ft_user/topics/GUIRefT_AnnotationPropertySheet_id28c814f5.html">
            <topic label="Annotation Property Sheet - Definition Tab"
                   href="html/ft_user/topics/GUIRefT_AnnotationPropertySheetDefinitionTab_id804bd849.html"/>
            <topic label="Annotation Property Sheet - Location Tab"
                   href="html/ft_user/topics/GUIRefT_AnnotationPropertySheetLocationTab_id3b1feada.html"/>
         </topic>
         <topic label="Animation Scene Property Sheet"
                href="html/ft_user/topics/GUIRefT_AnimationScenePropertySheet_idc8c67c21.html"/>
         <topic label="Saved Tables Property Sheet"
                href="html/ft_user/topics/GUIRefT_SavedTablesPropertySheet_id4492cfb3.html"/>
         <topic label="Viewpoint Property Sheet"
                href="html/ft_user/topics/GUIRefT_ViewpointPropertySheet_id3a6c15c2.html"/>
      </topic>
   </topic>
   <topic label="Reporting Project Data and Results in Tables"
          href="html/ft_user/topics/MGCChap_ReportingProjectDataAndResultsInTables_id85e71a6c.html">
      <topic label="Results Tables"
             href="html/ft_user/topics/Concept_ResultsTables_id7a7824c5.html"/>
      <topic label="Temperature and Heat Flow Values in Solid Conductor Fluxes Results Tables"
             href="html/ft_user/topics/Concept_TemperatureAndHeatFlowValuesInSolidConductorFluxesResultsTables_id5256e70d.html"/>
      <topic label="Heat Transfer Coefficient Values in Solid Conductor Fluxes Results Tables"
             href="html/ft_user/topics/Concept_HeatTransferCoefficientValuesInSolidConductorFluxesResultsTables_idc9da4adf.html"/>
      <topic label="Reported Junction and Case Temperatures of EDA Components"
             href="html/ft_user/topics/Concept_ReportedJunctionAndCaseTemperaturesOfEDAComponents_id47bd2165.html"/>
      <topic label="Tables Operations"
             href="html/ft_user/topics/Contain_TablesOperations_id2e0d853e.html">
         <topic label="Viewing Tables"
                href="html/ft_user/topics/TaskTop_ViewingTables_id925437f9.html"/>
         <topic label="Searching Results Tables"
                href="html/ft_user/topics/TaskTop_SearchingResultsTables_idd9aeb455.html"/>
         <topic label="Expanding Results Tables to Show SmartPart Primitive Data"
                href="html/ft_user/topics/TaskTop_ExpandingResultsTablesToShowSmartpartPrimitiveData_id516aec8b.html"/>
         <topic label="Selecting Table Cell Data"
                href="html/ft_user/topics/TaskTop_SelectingTableCellData_id5b682bd9.html"/>
         <topic label="Resizing Table Columns"
                href="html/ft_user/topics/TaskTop_ResizingTableColumns_id0842b0e1.html"/>
         <topic label="Hiding Results Table Columns"
                href="html/ft_user/topics/TaskTop_HidingResultsTableColumns_idbe05156a.html"/>
         <topic label="Sorting Tables"
                href="html/ft_user/topics/TaskTop_SortingTables_idbb45eaf0.html"/>
         <topic label="Copying Selected Results Table Cell Data"
                href="html/ft_user/topics/TaskTop_CopyingSelectedResultsTableCellData_idb64a608a.html"/>
         <topic label="Saving the Currently Opened Tables for Re-Display"
                href="html/ft_user/topics/TaskTop_SavingTheCurrentlyOpenedTablesForReDisplay_id686d1bba.html"/>
         <topic label="Exporting a Results Table"
                href="html/ft_user/topics/TaskTop_ExportingAResultsTable_idfa0e29d8.html"/>
         <topic label="Exporting a Legacy Results Table"
                href="html/ft_user/topics/TaskTop_ExportingALegacyResultsTable_ide1b5b50a.html"/>
      </topic>
      <topic label="Export Legacy Tables Dialog Box"
             href="html/ft_user/topics/GUIRefT_ExportLegacyTablesDialogBox_id1456cbc3.html"/>
      <topic label="Results Tables Data"
             href="html/ft_user/topics/Contain_ResultsTablesData_ida06f1d5a.html">
         <topic label="Geometry Results Tables"
                href="html/ft_user/topics/Contain_GeometryResultsTables_id514b9e49.html">
            <topic label="Assemblies Results Table"
                   href="html/ft_user/topics/GUIRefT_AssembliesResultsTable_ida89e5c9e.html"/>
            <topic label="Collapsed Resistances Results Table"
                   href="html/ft_user/topics/GUIRefT_CollapsedResistancesResultsTable_id6adc497d.html"/>
            <topic label="Compact Component Results Table"
                   href="html/ft_user/topics/GUIRefT_CompactComponentResultsTable_id24672777.html"/>
            <topic label="Component Fluxes Results Table"
                   href="html/ft_user/topics/GUIRefT_ComponentFluxesResultsTable_ide16ad540.html"/>
            <topic label="Controllers Results Table"
                   href="html/ft_user/topics/GUIRefT_ControllersResultsTable_idb3c039bf.html"/>
            <topic label="Coolers Results Table"
                   href="html/ft_user/topics/GUIRefT_CoolersResultsTable_ideb73248f.html"/>
            <topic label="Cutouts/Overall Results Table"
                   href="html/ft_user/topics/GUIRefT_CutoutsOverallResultsTable_id76e65716.html"/>
            <topic label="Cutouts/Overall Results Summary Results Table"
                   href="html/ft_user/topics/GUIRefT_CutoutsOverallResultsSummaryResultsTable_id2ef93fb8.html"/>
            <topic label="Dies Results Table"
                   href="html/ft_user/topics/GUIRefT_DiesResultsTable_id7c5f8bfd.html"/>
            <topic label="EDA Boards Results Table"
                   href="html/ft_user/topics/GUIRefT_EdaBoardsResultsTable_id7fba3f96.html"/>
            <topic label="EDA Components Results Table"
                   href="html/ft_user/topics/GUIRefT_EdaComponentsResultsTable_idbd06a7f4.html"/>
            <topic label="EDA Heat Sinks Results Table"
                   href="html/ft_user/topics/GUIRefT_EdaHeatSinksResultsTable_id00ca125c.html"/>
            <topic label="Enclosures Results Table"
                   href="html/ft_user/topics/GUIRefT_EnclosuresResultsTable_idbae2acd2.html"/>
            <topic label="Fans Results Table"
                   href="html/ft_user/topics/GUIRefT_FansResultsTable_id98e127b9.html"/>
            <topic label="Fixed Flows Results Table"
                   href="html/ft_user/topics/GUIRefT_FixedFlowsResultsTable_idaf847a29.html"/>
            <topic label="Heat Pipes Results Table"
                   href="html/ft_user/topics/GUIRefT_HeatPipesResultsTable_iddd3d4d11.html"/>
            <topic label="Heat Sinks Results Table"
                   href="html/ft_user/topics/GUIRefT_HeatSinksResultsTable_id16b492cd.html"/>
            <topic label="Monitor Points Results Table"
                   href="html/ft_user/topics/GUIRefT_MonitorPointsResultsTable_id5914b539.html"/>
            <topic label="Network Assemblies Results Table"
                   href="html/ft_user/topics/GUIRefT_NetworkAssembliesResultsTable_id558b0b48.html"/>
            <topic label="Perforated Plates Results Table"
                   href="html/ft_user/topics/GUIRefT_PerforatedPlatesResultsTable_iddd7c886f.html"/>
            <topic label="Power Maps Results Table"
                   href="html/ft_user/topics/GUIRefT_PowerMapsResultsTable_id4d987864.html"/>
            <topic label="Racks Results Table"
                   href="html/ft_user/topics/GUIRefT_RacksResultsTable_id7bace89a.html"/>
            <topic label="Recirculation Devices Results Table"
                   href="html/ft_user/topics/GUIRefT_RecirculationDevicesResultsTable_id100d81a1.html"/>
            <topic label="Region Mean Flows Results Table"
                   href="html/ft_user/topics/GUIRefT_RegionMeanFlowsResultsTable_id92a5ca27.html"/>
            <topic label="Regions Summary Results Table"
                   href="html/ft_user/topics/GUIRefT_RegionsSummaryResultsTable_idbb09e824.html"/>
            <topic label="Region Variables Values Results Tables"
                   href="html/ft_user/topics/GUIRefT_RegionVariablesValuesResultsTables_ida89ce27c.html"/>
            <topic label="Solid Conductor Fluxes Results Table"
                   href="html/ft_user/topics/GUIRefT_SolidConductorFluxesResultsTable_ida503ff2d.html"/>
            <topic label="Solid Conductor Temperatures Results Table"
                   href="html/ft_user/topics/GUIRefT_SolidConductorTemperaturesResultsTable_idee1c9043.html"/>
            <topic label="Solid Conductors Summary Results Table"
                   href="html/ft_user/topics/GUIRefT_SolidConductorsSummaryResultsTable_idfb5e978a.html"/>
            <topic label="Sources Results Table"
                   href="html/ft_user/topics/GUIRefT_SourcesResultsTable_id88f6b62a.html"/>
            <topic label="TEC Results Table"
                   href="html/ft_user/topics/GUIRefT_TecResultsTable_id1dea457a.html"/>
         </topic>
         <topic label="Legacy Tables"
                href="html/ft_user/topics/Contain_LegacyTables_id5dc07cb9.html">
            <topic label="Geometry Model Results Table CSV File"
                   href="html/ft_user/topics/FileRef_GeometryModelResultsTableCsvFile_idcfb287b0.html"/>
            <topic label="Base Grid and Localized Grid Results Tables CSV Files"
                   href="html/ft_user/topics/FileRef_BaseGridAndLocalizedGridResultsTablesCSVFiles_idb8717f44.html"/>
            <topic label="Transient Grid Results Table CSV File"
                   href="html/ft_user/topics/FileRef_TransientGridResultsTableCsvFile_idc9eb180d.html"/>
            <topic label="Object/Attributes Results Table CSV File"
                   href="html/ft_user/topics/FileRef_ObjectattributesResultsTableCsvFile_idf212a206.html"/>
         </topic>
      </topic>
   </topic>
   <topic label="Additional Auxiliary Variables"
          href="html/ft_user/topics/MGCChap_AdditionalAuxiliaryVariables_id8799ae5f.html">
      <topic label="Available Auxiliary Variables"
             href="html/ft_user/topics/Contain_AvailableAuxiliaryVariables_id3a8965e8.html">
         <topic label="Flow Angle" href="html/ft_user/topics/Concept_FlowAngle_id5f07e8d0.html"/>
         <topic label="Total Pressure"
                href="html/ft_user/topics/Concept_TotalPressure_id462c9b11.html"/>
      </topic>
      <topic label="Calculating and Displaying Additional Auxiliary Variables"
             href="html/ft_user/topics/Contain_CalculatingAndDisplayingAdditionalAuxiliaryVariables_id86534b8a.html">
         <topic label="Calculating Flow Angle"
                href="html/ft_user/topics/TaskTop_CalculatingFlowAngle_id8dc5345d.html"/>
         <topic label="Calculating Total Pressure"
                href="html/ft_user/topics/TaskTop_CalculatingTotalPressure_id25e0d173.html"/>
         <topic label="Displaying Auxiliary Variables Values"
                href="html/ft_user/topics/TaskTop_DisplayingAuxiliaryVariablesValues_idf3be155a.html"/>
      </topic>
      <topic label="Flow Angle Dialog Box"
             href="html/ft_user/topics/GUIRefT_FlowAngleDialogBox_id78214c09.html"/>
   </topic>
   <topic label="Frequently Asked Questions"
          href="html/ft_user/topics/MGCChap_FrequentlyAskedQuestions_id5bb8bd64.html">
      <topic label="Project Manager FAQs"
             href="html/ft_user/topics/Concept_ProjectManagerFaqs_id22ba0daf.html"/>
      <topic label="Drawing Board FAQs"
             href="html/ft_user/topics/Concept_DrawingBoardFaqs_idfb590f94.html"/>
      <topic label="Solution Grid FAQs"
             href="html/ft_user/topics/Concept_SolutionGridFaqs_idc0531bb7.html"/>
      <topic label="Solution Variables FAQs"
             href="html/ft_user/topics/Concept_SolutionVariablesFaqs_id282ce899.html"/>
      <topic label="Building Geometry FAQs"
             href="html/ft_user/topics/Concept_BuildingGeometryFaqs_id8dd2a65f.html"/>
      <topic label="Fan FAQs" href="html/ft_user/topics/Concept_FanFaqs_id9ede4a7e.html"/>
      <topic label="Heat Sink FAQs"
             href="html/ft_user/topics/Concept_HeatSinkFaqs_id35186943.html"/>
      <topic label="Recirculation Device FAQs"
             href="html/ft_user/topics/Concept_RecirculationDeviceFaqs_id01817047.html"/>
      <topic label="Support Site FAQs"
             href="html/ft_user/topics/Concept_SupportSiteFaqs_id25c3b966.html"/>
      <topic label="Solver FAQs"
             href="html/ft_user/topics/Concept_SolverFaqs_id89054fbf.html"/>
      <topic label="Modeling FAQs"
             href="html/ft_user/topics/Concept_ModelingFaqs_id2fd26ab8.html"/>
      <topic label="FloXML FAQs"
             href="html/ft_user/topics/Concept_FloxmlFaqs_id3b6fd385.html"/>
   </topic>
   <topic label="Troubleshooting"
          href="html/ft_user/topics/MGCChap_Troubleshooting_id4f97786e.html">
      <topic label="Problems when Loading, Saving, Importing, Exporting, Packing and Unpacking"
             href="html/ft_user/topics/General_ProblemsWhenLoadingSavingImportingExportingPackingAndUnpacking_id31bae6aa.html"/>
      <topic label="Floating Point (FP) Errors"
             href="html/ft_user/topics/General_FloatingPointFpErrors_id1a08ca87.html"/>
      <topic label="Convergence Problems"
             href="html/ft_user/topics/General_ConvergenceProblems_idb429d524.html"/>
      <topic label="Display Problems"
             href="html/ft_user/topics/General_DisplayProblems_id5bdaf4cc.html"/>
      <topic label="Unexpected Results"
             href="html/ft_user/topics/General_UnexpectedResults_id7412f7b0.html"/>
      <topic label="Miscellaneous Problems"
             href="html/ft_user/topics/General_MiscellaneousProblems_idacb508c6.html"/>
   </topic>
   <topic label="Messages" href="html/ft_user/topics/MGCChap_Messages_idb20dfda1.html">
      <topic label="Message Types"
             href="html/ft_user/topics/Concept_MessageTypes_id8cc937c9.html"/>
      <topic label="Message Format"
             href="html/ft_user/topics/Concept_MessageFormat_idad547ff3.html"/>
      <topic label="Error Window"
             href="html/ft_user/topics/Concept_ErrorWindow_id4fee5064.html"/>
      <topic label="Generated Messages"
             href="html/ft_user/topics/Contain_GeneratedMessages_idbcf24300.html">
         <topic label="System Error Messages"
                href="html/ft_user/topics/General_SystemErrorMessages_id22bf879f.html"/>
         <topic label="User System Messages (1000 series)"
                href="html/ft_user/topics/General_UserSystemMessages1000Series_id7bf31446.html"/>
         <topic label="Drawing Board Messages (3000 series)"
                href="html/ft_user/topics/General_DrawingBoardMessages3000Series_id0f926915.html"/>
         <topic label="Project Manager Messages (4000 series)"
                href="html/ft_user/topics/General_ProjectManagerMessages4000Series_id20fe8b5a.html"/>
         <topic label="Profiles Messages (5000 series)"
                href="html/ft_user/topics/General_ProfilesMessages5000Series_id009d98da.html"/>
         <topic label="Tables Messages (6000 series)"
                href="html/ft_user/topics/General_TablesMessages6000Series_id57e1e4a6.html"/>
         <topic label="Converter Messages (7000 series)"
                href="html/ft_user/topics/General_ConverterMessages7000Series_ida952724e.html"/>
         <topic label="Solver Messages (8000 series)"
                href="html/ft_user/topics/General_SolverMessages8000Series_id61b95796.html"/>
         <topic label="Translator Messages (9000 series)"
                href="html/ft_user/topics/General_TranslatorMessages9000Series_idb587cbd0.html"/>
         <topic label="EFG Messages (10000 series)"
                href="html/ft_user/topics/General_EfgMessages10000Series_id01b42524.html"/>
         <topic label="Data Storage Messages (11000 series)"
                href="html/ft_user/topics/General_DataStorageMessages11000Series_id7fa338ef.html"/>
         <topic label="MCAD Messages (12000 series)"
                href="html/ft_user/topics/General_McadMessages12000Series_id364cf6e8.html"/>
         <topic label="FloSCRIPT Messages (15000 series)"
                href="html/ft_user/topics/General_FloscriptMessages15000Series_id04c3c998.html"/>
         <topic label="Interface Messages (17000 series)"
                href="html/ft_user/topics/General_InterfaceMessages17000Series_idbad4c817.html"/>
         <topic label="Logic Error Messages (19000 series)"
                href="html/ft_user/topics/General_LogicErrorMessages19000Series_idac559b60.html"/>
         <topic label="Command Center Messages (20000 series)"
                href="html/ft_user/topics/General_CommandCenterMessages20000Series_iddeb6e4f0.html"/>
      </topic>
   </topic>
   <topic label="Technical Support"
          href="html/ft_user/topics/MGCChap_TechnicalSupport_idfacc7394.html">
      <topic label="Global Customer Support and Success"
             href="html/ft_user/topics/Concept_GlobalCustomerSupportSuccess_idf9cff73a.html"/>
      <topic label="Training" href="html/ft_user/topics/Concept_Training_ide1dd305c.html"/>
   </topic>
   <topic label="Command Reference"
          href="html/ft_user/topics/MGCAppe_CommandReference_id45ffc4c4.html">
      <topic label="flotherm" href="html/ft_user/topics/Command_Flotherm_id90bc24cb.html"/>
      <topic label="batchSolve"
             href="html/ft_user/topics/Command_Batchsolve_idd13da471.html"/>
      <topic label="flogate_cl" href="html/ft_user/topics/Command_FlogateCl_id60bb27f5.html"/>
   </topic>
   <topic label="Advanced Operations"
          href="html/ft_user/topics/MGCAppe_AdvancedOperations_id182fbb69.html">
      <topic label="Environment Variables"
             href="html/ft_user/topics/General_EnvironmentVariables_id3f306d96.html"/>
   </topic>
   <topic label="Glossary" href="html/ft_user/topics/MGCGlos_Glossary_id7cfe37cd.html"/>
   <topic label="Third-Party Information"
          href="html/ft_user/topics/MGCThir_ThirdPartyInformation_FT_idf862608d.html"/>
</toc>