<?xml version="1.0" ?><index><entry keyword="&lt;$nopage&gt;lib Files"><entry keyword="defined"><entry keyword="see also Libraries"><topic href="topics/MGCGlos_Glossary_id7cfe37cd.html#id11ac5737-1a8f-4a7f-88b2-4602a69c18f5" title="Lib File"></topic></entry></entry></entry><entry keyword="Absolute Coordinates"><topic href="topics/Concept_CoordinateSystems_ide0530b84.html#ide0530b84-661e-455b-8906-8b9f6eb41de3" title="Coordinate Systems"></topic></entry><entry keyword="Acceleration Due to Gravity"><topic href="topics/Concept_CalculationOfGravity_idf9bddc94.html#idf9bddc94-4205-4b8a-9c3b-38f88d580016" title="Calculation of Gravity"></topic></entry><entry keyword="Alignment"><entry keyword="Align Selected dialog box"><topic href="topics/GUIRefT_AlignDialogBox_idf37bfdb0.html#idf37bfdb0-4ff2-486f-848a-36849194c510" title="Align Dialog Box"></topic></entry></entry><entry keyword="Ambient"><entry keyword="default temperature"><topic href="topics/GUIRefT_ModelSetupTabGlobalSystemSettingsSection_id00d4236a.html#id00d4236a-df14-4690-a369-f0d2dcb600c4" title="Model Setup Tab - Global System Settings Section"></topic></entry></entry><entry keyword="Angled"><entry keyword="gravity"><topic href="topics/GUIRefT_ModelSetupTabGravitySection_id73aea0da.html#id73aea0da-a032-4945-82b8-5eae69ef653e" title="Model Setup Tab - Gravity Section"></topic></entry></entry><entry keyword="Animations"><entry keyword="animation controls"><topic href="topics/GUIRefT_AnimationScenePropertySheet_idc8c67c21.html#idc8c67c21-5da4-43f4-93d3-c9f4b35ac140" title="Animation Property Sheet"></topic></entry></entry><entry keyword="Annotations"><entry keyword="Profile Plots"><topic href="topics/Concept_ProfilePlotFeatures_ide098502d.html#ide098502d-a67f-42d4-9212-2b9de4ded605" title="Profile Plot Features"></topic></entry></entry><entry keyword="Application Windows"><entry keyword="automatic opening"><topic href="topics/GUIRefT_UserPreferencesDialogBoxProjectManagerTab_ide595cfa1.html#ide595cfa1-31aa-496e-9846-59ae7c73fae7" title="User Preferences Dialog Box - Project Manager Tab"></topic></entry></entry><entry keyword="ASCII PDML"><topic href="topics/Contain_ImportingExternalProjects_id65ba8a58.html#id65ba8a58-ef45-41c8-81bc-6d164afd0775" title="Importing External Projects"></topic></entry><entry keyword="Aspect Ratio Levels (Solution Grid)"><topic href="topics/GUIRefT_SystemGridPropertySheet_id9f660e29.html#id9f660e29-87b6-499f-adea-a58ca6e246f9" title="System Grid Property Sheet"></topic><topic href="topics/Concept_GridSuitability_id58a56c4f.html#id58a56c4f-e6d1-4f4f-9ea0-94f07557f2c6" title="Grid Suitability"></topic><topic href="topics/GUIRefT_GridSummaryDialog_id3b519b11.html#id3b519b11-b484-4369-87b3-4155534d9c69" title="Grid Summary Dialog"></topic></entry><entry keyword="Automatic Algebraic Turbulence Model"><topic href="topics/GUIRefT_ModelSetupTabTurbulenceSection_idef0e3543.html#idef0e3543-83d3-49e6-9ad4-14f4a6fdac2e" title="Model Setup Tab - Turbulence Section"></topic></entry><entry keyword="Automatic False Time Step"><topic href="topics/GUIRefT_SolverControlTabVariableSolutionControlSection_idd2da4a45.html#idd2da4a45-2df0-4df9-87a2-9b58990b6892" title="Solver Control Tab - Variable Solution Control Section"></topic></entry><entry keyword="Automatic Termination Residual"><topic href="topics/GUIRefT_SolverControlTabVariableSolutionControlSection_idd2da4a45.html#idd2da4a45-2df0-4df9-87a2-9b58990b6892" title="Solver Control Tab - Variable Solution Control Section"></topic></entry><entry keyword="Axes"><entry keyword="Profile Plots"><topic href="topics/Concept_ProfilePlotFeatures_ide098502d.html#ide098502d-a67f-42d4-9212-2b9de4ded605" title="Profile Plot Features"></topic></entry></entry><entry keyword="Backup Files"><topic href="topics/Concept_ProjectOverview_id08e8fd26.html#id08e8fd26-7719-4fd5-bc82-09d70858c5a5" title="Project Overview"></topic></entry><entry keyword="Batch Mode"><entry keyword="solving transients"><topic href="topics/Concept_TransientAnalysisCases_id24ae469e.html#id24ae469e-15fd-4b7d-9a13-f3d3b3375e58" title="Transient Analysis Cases"></topic></entry></entry><entry keyword="Bn"><topic href="topics/Concept_BnAndSc_id57ece963.html#id57ece963-c6fb-4a04-9307-9dc9bd686ae4" title="Bn and Sc"></topic></entry><entry keyword="brd Files"><topic href="topics/TaskTop_ImportingIdfFiles_id69ab3c7e.html#id69ab3c7e-aa31-4195-8987-1a3953ab1584" title="Importing IDF Files"></topic><entry keyword="board description file"><topic href="topics/Concept_EcadFileFormats_id4fa01e08.html#id4fa01e08-b459-40a6-98ff-ecc91e71aa5b" title="ECAD File Formats"></topic></entry></entry><entry keyword="Buoyancy"><topic href="topics/GUIRefT_SolverControlTab_ida0c1d66a.html#ida0c1d66a-d85f-4938-b53e-cf315e409a2b" title="Solver Control Tab"></topic><topic href="topics/Concept_AmbientTemperatureWhenModelingBuoyancyForce_idfc550642.html#idfc550642-4df6-4c52-aed9-8540d21ac2eb" title="Ambient Temperature When Modeling Buoyancy Force"></topic><topic href="topics/Concept_LvelKEpsilonModel_ided19a6e5.html#ided19a6e5-d303-4ea0-a730-75afe5b76e0d" title="LVEL K-Epsilon Model"></topic></entry><entry keyword="Characteristic Length and Velocity"><topic href="topics/Concept_RevisedAlgebraicModel_id77404d18.html#id77404d18-7fd3-4d76-866d-28c0239eccb6" title="Revised Algebraic Model"></topic></entry><entry keyword="Cloudiness"><topic href="topics/GUIRefT_SolarConfigurationDialogBox_id6d91b62b.html#id6d91b62b-7212-4e8a-bd39-f399877adfcd" title="Solar Configuration Dialog Box"></topic></entry><entry keyword="Compact Components"><entry keyword="table"><topic href="topics/GUIRefT_CompactComponentResultsTable_id24672777.html#id24672777-be4b-4604-80fc-5f4d12106c7d" title="Compact Component Results Table"></topic></entry></entry><entry keyword="Components"><entry keyword="Component Fluxes Table"><topic href="topics/GUIRefT_ComponentFluxesResultsTable_ide16ad540.html#ide16ad540-abb4-4d06-943d-a7949bda5d1b" title="Component Fluxes Results Table"></topic></entry><entry keyword="dimensions"><topic href="topics/Concept_PropertySheets_ida29aba17.html#ida29aba17-749a-41cc-86ac-a797cbb37a29" title="Property Sheets"></topic></entry><entry keyword="IDF preference"><topic href="topics/GUIRefT_UserPreferencesDialogBoxProjectManagerTab_ide595cfa1.html#ide595cfa1-31aa-496e-9846-59ae7c73fae7" title="User Preferences Dialog Box - Project Manager Tab"></topic></entry></entry><entry keyword="Compute Capture Index"><topic href="topics/GUIRefT_ModelSetupTab_ide8e4b082.html#ide8e4b082-a41f-4ac8-ba6b-ff850a7835b7" title="Model Setup Tab"></topic></entry><entry keyword="Conduction"><entry keyword="conducting PCBs"><entry keyword="IDF preference"><topic href="topics/GUIRefT_UserPreferencesDialogBoxProjectManagerTab_ide595cfa1.html#ide595cfa1-31aa-496e-9846-59ae7c73fae7" title="User Preferences Dialog Box - Project Manager Tab"></topic></entry></entry><entry keyword="conduction only solutions"><topic href="topics/Concept_TypesOfSolution_id904b3960.html#id904b3960-4b08-4df9-b634-5d8ae7ecff05" title="Types of Solution"></topic></entry><entry keyword="conductive transport"><topic href="topics/Concept_HeatFlux_id4dd60342.html#id4dd60342-3da1-48b6-8700-8db8870e4eca" title="Heat Flux"></topic></entry></entry><entry keyword="Continue Solution"><topic href="topics/TaskTop_InterruptingAndResumingAnInteractiveSolution_idc2c1ae23.html#idc2c1ae23-fc5c-40f6-b21c-fca0662e2dab" title="Interrupting and Resuming an Interactive Solution"></topic></entry><entry keyword="Contours"><entry keyword="contour plots"><topic href="topics/TaskTop_CreatingAPlanePlot_id20c853ad.html#id20c853ad-4780-463a-8221-b945f002e689" title="Creating a Plane Plot"></topic></entry></entry><entry keyword="Control Solution"><entry keyword="monitoring"><topic href="topics/MGCGlos_Glossary_id7cfe37cd.html#id5642ac07-c10f-42ed-ad5c-13df1e4284c1" title="Monitor Cells"></topic></entry><entry keyword="start/stop"><topic href="topics/TaskTop_InterruptingAndResumingAnInteractiveSolution_idc2c1ae23.html#idc2c1ae23-fc5c-40f6-b21c-fca0662e2dab" title="Interrupting and Resuming an Interactive Solution"></topic></entry><entry keyword="termination residual"><topic href="topics/MGCGlos_Glossary_id7cfe37cd.html#id1c3d22da-547a-4d96-8085-21efe4f3635d" title="Termination Residual"></topic></entry></entry><entry keyword="Convection"><entry keyword="convective transport"><topic href="topics/Concept_HeatFlux_id4dd60342.html#id4dd60342-3da1-48b6-8700-8db8870e4eca" title="Heat Flux"></topic></entry></entry><entry keyword="Convergence"><entry keyword="control"><topic href="topics/GUIRefT_SolverControlTab_ida0c1d66a.html#ida0c1d66a-d85f-4938-b53e-cf315e409a2b" title="Solver Control Tab"></topic></entry><entry keyword="rules for assessment"><topic href="topics/Concept_ControllingTheSolution_id05b7e66f.html#id05b7e66f-0db7-4cea-9836-8d7e71e9bc38" title="Controlling the Solution"></topic></entry></entry><entry keyword="Cooler"><entry keyword="table"><topic href="topics/GUIRefT_CoolersResultsTable_ideb73248f.html#ideb73248f-66bc-4d2e-9138-d8a6a2eb7168" title="Coolers Results Table"></topic></entry></entry><entry keyword="Coordinate System"><entry keyword="setting"><topic href="topics/GUIRefT_UserPreferencesDialogBoxProjectManagerTab_ide595cfa1.html#ide595cfa1-31aa-496e-9846-59ae7c73fae7" title="User Preferences Dialog Box - Project Manager Tab"></topic></entry></entry><entry keyword="Create"><entry keyword="geometry"><topic href="topics/Concept_OverviewOfGeometry_id380d48bf.html#id380d48bf-2a5d-45ba-95ac-99e15e34e4fa" title="Overview of Geometry"></topic></entry></entry><entry keyword="Create a New Library"><topic href="topics/TaskTop_AddingANewLibrary_id85cc928e.html#id85cc928e-a5d8-4ae1-9d5b-f5a1239b4712" title="Adding a New Library"></topic></entry><entry keyword="Create Category dialog box"><topic href="topics/GUIRefT_CreateCategoryDialogBox_id1a38b038.html#id1a38b038-535e-4b82-aeb8-f77cce54b820" title="Create Category Dialog Box"></topic></entry><entry keyword="Cuboids"><entry keyword="intersection with angled plate"><topic href="topics/Concept_CuboidsInContactWithSlopingBlocks_id32b4564f.html#id32b4564f-477a-45b0-ba22-1a490a013f3a" title="Cuboids in Contact With Sloping Blocks"></topic></entry></entry><entry keyword="Cutout/Overall Results Summary Table"><topic href="topics/GUIRefT_CutoutsOverallResultsSummaryResultsTable_id2ef93fb8.html#id2ef93fb8-3973-41b4-8db0-f55db470e257" title="Cutouts/Overall Results Summary Results Table"></topic></entry><entry keyword="Datum"><entry keyword="datum pressure"><topic href="topics/GUIRefT_ModelSetupTabGlobalSystemSettingsSection_id00d4236a.html#id00d4236a-df14-4690-a369-f0d2dcb600c4" title="Model Setup Tab - Global System Settings Section"></topic></entry></entry><entry keyword="DCM.log"><topic href="topics/TaskTop_ViewingCaptureIndexResults_idbb8136ee.html#idbb8136ee-d823-4014-9738-9724ee495304" title="Viewing Capture Index Results"></topic></entry><entry keyword="Default Object Size"><topic href="topics/GUIRefT_NewObjectPalette_idcda830be.html#idcda830be-2038-48cf-928d-c11bffd67d6a" title="New Object Palette"></topic></entry><entry keyword="Default Templates"><topic href="topics/GUIRefT_NewProjectDialogBox_idfabc6ef3.html#idfabc6ef3-d080-4301-be26-b5efeb86877f" title="New Project Dialog Box"></topic></entry><entry keyword="Die"><entry keyword="table"><topic href="topics/GUIRefT_DiesResultsTable_id7c5f8bfd.html#id7c5f8bfd-67ef-4a41-b7ca-363e3b9fe3ed" title="Dies Results Table"></topic></entry></entry><entry keyword="Diffusive Transport"><entry keyword="diffusion in very slow flows"><topic href="topics/Concept_FalseTimeStepRelaxation_id51c577d6.html#id51c577d6-9e40-40c7-8358-55480b9528b1" title="False Time Step Relaxation"></topic></entry><entry keyword="diffusive heat flow"><topic href="topics/Concept_HeatFlux_id4dd60342.html#id4dd60342-3da1-48b6-8700-8db8870e4eca" title="Heat Flux"></topic></entry></entry><entry keyword="Directory Structure"><topic href="topics/Concept_ProjectOverview_id08e8fd26.html#id08e8fd26-7719-4fd5-bc82-09d70858c5a5" title="Project Overview"></topic></entry><entry keyword="Display"><entry keyword="Options"><entry keyword="Drawing Board"><topic href="topics/GUIRefT_UserPreferencesDialogBoxDrawingBoardTab_id5c087343.html#id5c087343-337b-47d9-a2cd-d5c41583b9bd" title="User Preferences Dialog Box - Drawing Board Tab"></topic></entry></entry></entry><entry keyword="DissTurb"><topic href="topics/Concept_TheSolutionVariables_id0520b388.html#id0520b388-5931-4e36-8466-273c56099198" title="The Solution Variables"></topic></entry><entry keyword="Domain (see Solution Domain)"><entry keyword="Domain Boundary Faces"><topic href="topics/GUIRefT_SystemPropertySheetBoundariesTab_id8d613817.html#id8d613817-080f-48b6-a62d-713b20e0eb18" title="System Property Sheet Boundaries Tab"></topic></entry></entry><entry keyword="Drawing Board"><topic href="topics/Concept_InteractionOfTheDrawingBoardWithTheDataTree_idf5169556.html#idf5169556-d5b7-4aae-9b6a-29342e73fab8" title="Interaction of the Drawing Board With the Data Tree"></topic></entry><entry keyword="EFCV"><topic href="topics/Concept_FalseTimeStepRelaxation_id51c577d6.html#id51c577d6-9e40-40c7-8358-55480b9528b1" title="False Time Step Relaxation"></topic><topic href="topics/GUIRefT_SolverControlTab_ida0c1d66a.html#ida0c1d66a-d85f-4938-b53e-cf315e409a2b" title="Solver Control Tab"></topic></entry><entry keyword="Embedded Conduction Solver"><entry keyword="definition"><topic href="topics/MGCGlos_Glossary_id7cfe37cd.html#id177c7d64-0cae-45b6-b7f2-c69a5043b813" title="Embedded Conduction Solver"></topic></entry><entry keyword="mesh message details"><topic href="topics/General_TranslatorMessages9000Series_idb587cbd0.html#idb587cbd0-65d9-4ef1-9c60-2bfe242c9166" title="Translator Messages (9000 Series)"></topic></entry></entry><entry keyword="emn Files"><topic href="topics/Concept_EcadFileFormats_id4fa01e08.html#id4fa01e08-b459-40a6-98ff-ecc91e71aa5b" title="ECAD File Formats"></topic><topic href="topics/TaskTop_ImportingIdfFiles_id69ab3c7e.html#id69ab3c7e-aa31-4195-8987-1a3953ab1584" title="Importing IDF Files"></topic></entry><entry keyword="emp Files"><topic href="topics/Concept_EcadFileFormats_id4fa01e08.html#id4fa01e08-b459-40a6-98ff-ecc91e71aa5b" title="ECAD File Formats"></topic><topic href="topics/TaskTop_ImportingIdfFiles_id69ab3c7e.html#id69ab3c7e-aa31-4195-8987-1a3953ab1584" title="Importing IDF Files"></topic></entry><entry keyword="Environment Shell"><entry keyword="Start menu option"><topic href="topics/Command_Flotherm_id90bc24cb.html#id90bc24cb-d1b7-4731-8259-71dcc372b7c5" title="flotherm"></topic></entry></entry><entry keyword="Estimated Free Convection Velocity"><topic href="topics/GUIRefT_SolverControlTab_ida0c1d66a.html#ida0c1d66a-d85f-4938-b53e-cf315e409a2b" title="Solver Control Tab"></topic></entry><entry keyword="Example of Application"><entry keyword="templates"><topic href="topics/GUIRefT_NewProjectDialogBox_idfabc6ef3.html#idfabc6ef3-d080-4301-be26-b5efeb86877f" title="New Project Dialog Box"></topic></entry></entry><entry keyword="Exchange Factors Calculation Progress dialog box"><topic href="topics/GUIRefT_ExchangeFactorsCalculationProgressDialogBox_iddbd0955d.html#iddbd0955d-9607-4c0a-a5ee-c64f75e8cc0c" title="Exchange Factors Calculation Progress Dialog Box"></topic></entry><entry keyword="External"><entry keyword="ambient temperature"><topic href="topics/GUIRefT_ModelSetupTabGlobalSystemSettingsSection_id00d4236a.html#id00d4236a-df14-4690-a369-f0d2dcb600c4" title="Model Setup Tab - Global System Settings Section"></topic></entry><entry keyword="boundary conditions"><topic href="topics/GUIRefT_SystemPropertySheetBoundariesTab_id8d613817.html#id8d613817-080f-48b6-a62d-713b20e0eb18" title="System Property Sheet Boundaries Tab"></topic></entry><entry keyword="radiant temperature"><topic href="topics/GUIRefT_ModelSetupTabGlobalSystemSettingsSection_id00d4236a.html#id00d4236a-df14-4690-a369-f0d2dcb600c4" title="Model Setup Tab - Global System Settings Section"></topic></entry></entry><entry keyword="False Time Steps"><entry keyword="setting"><topic href="topics/GUIRefT_SolverControlTabVariableSolutionControlSection_idd2da4a45.html#idd2da4a45-2df0-4df9-87a2-9b58990b6892" title="Solver Control Tab - Variable Solution Control Section"></topic></entry></entry><entry keyword="Fan"><entry keyword="Table"><topic href="topics/GUIRefT_FansResultsTable_id98e127b9.html#id98e127b9-beda-48d6-bf1e-f71b21f82c60" title="Fans Results Table"></topic></entry></entry><entry keyword="FAQs"><entry keyword="all"><topic href="topics/MGCChap_FrequentlyAskedQuestions_id5bb8bd64.html#id5bb8bd64-1e8e-4b08-b5f6-5e6f85091feb" title=" Frequently Asked Questions"></topic></entry></entry><entry keyword="Find dialog box"><topic href="topics/GUIRefT_FindDialogBox_idf2270786.html#idf2270786-8e56-40c0-a8f1-1db97f5fa7b7" title="Find Dialog Box"></topic></entry><entry keyword="Find objects within topped geometry"><topic href="topics/GUIRefT_FindDialogBox_idf2270786.html#idf2270786-8e56-40c0-a8f1-1db97f5fa7b7" title="Find Dialog Box"></topic></entry><entry keyword="Fixed Flows"><entry keyword="fixed flows table"><topic href="topics/GUIRefT_FixedFlowsResultsTable_idaf847a29.html#idaf847a29-9dd4-403b-989e-de06e531a764" title="Fixed Flows Results Table"></topic></entry></entry><entry keyword="FloSCRIPT"><entry keyword="log files"><topic href="topics/Concept_AboutFloSCRIPT_id68b3dc84.html#id68b3dc84-daec-470d-b5c1-52f6ccfc0c11" title="About FloSCRIPT"></topic></entry></entry><entry keyword="FloVolunteer"><entry keyword="maximu m number of jobs"><topic href="topics/General_EnvironmentVariables_id3f306d96.html#id3f306d96-99aa-412c-979a-66ff3d152daa" title="Environment Variables"></topic></entry><entry keyword="maximum number of threads"><topic href="topics/General_EnvironmentVariables_id3f306d96.html#id3f306d96-99aa-412c-979a-66ff3d152daa" title="Environment Variables"></topic></entry><entry keyword="queue path"><topic href="topics/General_EnvironmentVariables_id3f306d96.html#id3f306d96-99aa-412c-979a-66ff3d152daa" title="Environment Variables"></topic></entry><entry keyword="solution directory path"><topic href="topics/General_EnvironmentVariables_id3f306d96.html#id3f306d96-99aa-412c-979a-66ff3d152daa" title="Environment Variables"></topic></entry></entry><entry keyword="Flow"><entry keyword="flow angle auxiliary variable"><topic href="topics/Concept_SolutionVariablesFaqs_id282ce899.html#id282ce899-c155-4539-9b6f-d1bc79e401d2" title="Solution Variables FAQs"></topic><entry keyword="Flow Angle dialog box"><topic href="topics/GUIRefT_FlowAngleDialogBox_id78214c09.html#id78214c09-b764-42aa-9430-4a2f87658ae7" title="Flow Angle Dialog Box"></topic></entry></entry><entry keyword="flow direction displayed"><topic href="topics/GUIRefT_UserPreferencesDialogBoxDrawingBoardTab_id5c087343.html#id5c087343-337b-47d9-a2cd-d5c41583b9bd" title="User Preferences Dialog Box - Drawing Board Tab"></topic></entry><entry keyword="flow models"><entry keyword="conduction only"><topic href="topics/Concept_TypesOfSolution_id904b3960.html#id904b3960-4b08-4df9-b634-5d8ae7ecff05" title="Types of Solution"></topic></entry><entry keyword="flow and heat transfer"><topic href="topics/Concept_TypesOfSolution_id904b3960.html#id904b3960-4b08-4df9-b634-5d8ae7ecff05" title="Types of Solution"></topic></entry><entry keyword="flow only"><topic href="topics/Concept_TypesOfSolution_id904b3960.html#id904b3960-4b08-4df9-b634-5d8ae7ecff05" title="Types of Solution"></topic></entry></entry></entry><entry keyword="FloXML"><entry keyword="examples"><topic href="topics/Concept_FloxmlFiles_id06c47ee5.html#id06c47ee5-0321-4619-ab3f-c5440fbfe667" title="FloXML Files"></topic></entry></entry><entry keyword="Fluid Properties"><entry keyword="speed"><topic href="topics/Concept_ModelingDimensionality_ide8b4ed8f.html#ide8b4ed8f-3e63-43bc-a2f6-fff80edfa083" title="Modeling Dimensionality"></topic></entry></entry><entry keyword="Forced Convection"><topic href="topics/GUIRefT_SolverControlTabVariableSolutionControlSection_idd2da4a45.html#idd2da4a45-2df0-4df9-87a2-9b58990b6892" title="Solver Control Tab - Variable Solution Control Section"></topic></entry><entry keyword="Freeze Flow"><topic href="topics/GUIRefT_SolverControlTab_ida0c1d66a.html#ida0c1d66a-d85f-4938-b53e-cf315e409a2b" title="Solver Control Tab"></topic></entry><entry keyword="Geomet ry"><entry keyword="ignored"><topic href="topics/GUIRefT_UserPreferencesDialogBoxProjectManagerTab_ide595cfa1.html#ide595cfa1-31aa-496e-9846-59ae7c73fae7" title="User Preferences Dialog Box - Project Manager Tab"></topic></entry></entry><entry keyword="Global Settings"><entry keyword="external ambient temperature"><topic href="topics/GUIRefT_ModelSetupTabGlobalSystemSettingsSection_id00d4236a.html#id00d4236a-df14-4690-a369-f0d2dcb600c4" title="Model Setup Tab - Global System Settings Section"></topic></entry><entry keyword="global system settings"><entry keyword="Global System Settings"><topic href="topics/GUIRefT_ModelSetupTabGlobalSystemSettingsSection_id00d4236a.html#id00d4236a-df14-4690-a369-f0d2dcb600c4" title="Model Setup Tab - Global System Settings Section"></topic></entry></entry><entry keyword="Global Units dialog box"><topic href="topics/GUIRefT_GlobalUnitsDialogBox_id03b11aac.html#id03b11aac-d70e-4068-b593-cc614e9bd30c" title="Global Units Dialog Box"></topic></entry></entry><entry keyword="GradT"><topic href="topics/Concept_TemperatureGradient_id682706a7.html#id682706a7-6c3d-4c9d-96ea-c81cf39ec6c0" title="Temperature Gradient"></topic></entry><entry keyword="Gravity"><entry keyword="Gravity setting"><topic href="topics/GUIRefT_ModelSetupTabGravitySection_id73aea0da.html#id73aea0da-a032-4945-82b8-5eae69ef653e" title="Model Setup Tab - Gravity Section"></topic></entry><entry keyword="vector display in Drawing Board"><topic href="topics/GUIRefT_UserPreferencesDialogBoxDrawingBoardTab_id5c087343.html#id5c087343-337b-47d9-a2cd-d5c41583b9bd" title="User Preferences Dialog Box - Drawing Board Tab"></topic></entry></entry><entry keyword="Grid"><entry keyword="aspect ratios"><topic href="topics/GUIRefT_SystemGridPropertySheet_id9f660e29.html#id9f660e29-87b6-499f-adea-a58ca6e246f9" title="System Grid Property Sheet"></topic><topic href="topics/Concept_GridSuitability_id58a56c4f.html#id58a56c4f-e6d1-4f4f-9ea0-94f07557f2c6" title="Grid Suitability"></topic><topic href="topics/GUIRefT_GridSummaryDialog_id3b519b11.html#id3b519b11-b484-4369-87b3-4155534d9c69" title="Grid Summary Dialog"></topic></entry><entry keyword="Grid Summary dialog"><topic href="topics/GUIRefT_GridSummaryDialog_id3b519b11.html#id3b519b11-b484-4369-87b3-4155534d9c69" title="Grid Summary Dialog"></topic></entry><entry keyword="interpolation"><topic href="topics/Concept_SpatialSolutionGridOverview_id915d9ef3.html#id915d9ef3-e6f8-4da9-aab0-d2e4ebdfa03f" title="Spatial Solution Grid Overview"></topic></entry><entry keyword="smallest cell"><topic href="topics/Concept_GridSuitability_id58a56c4f.html#id58a56c4f-e6d1-4f4f-9ea0-94f07557f2c6" title="Grid Suitability"></topic></entry><entry keyword="total grid size"><topic href="topics/GUIRefT_SystemGridPropertySheet_id9f660e29.html#id9f660e29-87b6-499f-adea-a58ca6e246f9" title="System Grid Property Sheet"></topic><topic href="topics/Concept_GridSuitability_id58a56c4f.html#id58a56c4f-e6d1-4f4f-9ea0-94f07557f2c6" title="Grid Suitability"></topic></entry></entry><entry keyword="group Project Data File"><topic href="topics/TaskTop_SavingAProject_id2324ff00.html#id2324ff00-fd42-4861-a706-2d89e399ba81" title="Saving a Project"></topic></entry><entry keyword="Heat Pipes"><entry keyword="table"><topic href="topics/GUIRefT_HeatPipesResultsTable_iddd3d4d11.html#iddd3d4d11-3e16-4be2-bb1a-babc521af855" title="Heat Pipes Results Table"></topic></entry></entry><entry keyword="Heat Sink"><entry keyword="libraries"><topic href="topics/Concept_StarterLibraries_id1c10a7b3.html#id1c10a7b3-6aed-407f-9b2b-32b9c46af2a1" title="Starter Libraries"></topic></entry></entry><entry keyword="Heat Sinks"><entry keyword="table"><topic href="topics/GUIRefT_HeatSinksResultsTable_id16b492cd.html#id16b492cd-0971-451a-9b61-4f7cd254d5a5" title="Heat Sinks Results Table"></topic></entry></entry><entry keyword="Heat Transfer Coefficient"><entry keyword="changing using table cells"><topic href="topics/Concept_HeatTransferCoefficientValuesInSolidConductorFluxesResultsTables_idc9da4adf.html#idc9da4adf-e7e0-4ead-b0fe-3e18578dd75f" title="Heat Transfer Coefficient Values in Solid Conductor Fluxes Results Tables"></topic></entry></entry><entry keyword="Hyper-Threading"><topic href="topics/TaskTop_ObtainingMaximumSolverPerformance_idb0857586.html#idb0857586-0d51-49d1-93af-f88550270109" title="Obtaining Maximum Solver Performance"></topic></entry><entry keyword="Identification of Projects"><topic href="topics/GUIRefT_SaveProjectDialogBox_id9b7cb3c6.html#id9b7cb3c6-7b49-40dd-89ae-47ec62efb917" title="Save Project Dialog Box"></topic></entry><entry keyword="IDF Files"><topic href="topics/Concept_EcadFileFormats_id4fa01e08.html#id4fa01e08-b459-40a6-98ff-ecc91e71aa5b" title="ECAD File Formats"></topic><entry keyword="power and thermal resistance"><topic href="topics/Concept_EcadFileFormats_id4fa01e08.html#id4fa01e08-b459-40a6-98ff-ecc91e71aa5b" title="ECAD File Formats"></topic></entry><entry keyword="preferences"><topic href="topics/GUIRefT_UserPreferencesDialogBoxProjectManagerTab_ide595cfa1.html#ide595cfa1-31aa-496e-9846-59ae7c73fae7" title="User Preferences Dialog Box - Project Manager Tab"></topic></entry></entry><entry keyword="Ignore Geometry"><entry keyword="show ignored geometry"><topic href="topics/GUIRefT_UserPreferencesDialogBoxProjectManagerTab_ide595cfa1.html#ide595cfa1-31aa-496e-9846-59ae7c73fae7" title="User Preferences Dialog Box - Project Manager Tab"></topic></entry></entry><entry keyword="Initial Settings"><entry keyword="field variables"><topic href="topics/GUIRefT_SolverControlTabVariableSolutionControlSection_idd2da4a45.html#idd2da4a45-2df0-4df9-87a2-9b58990b6892" title="Solver Control Tab - Variable Solution Control Section"></topic></entry></entry><entry keyword="Inner Iterations"><topic href="topics/GUIRefT_SolverControlTabVariableSolutionControlSection_idd2da4a45.html#idd2da4a45-2df0-4df9-87a2-9b58990b6892" title="Solver Control Tab - Variable Solution Control Section"></topic><topic href="topics/MGCGlos_Glossary_id7cfe37cd.html#ide12f4578-859d-44b5-9ae0-44072b02e925" title="Inner Iteration"></topic></entry><entry keyword="Installation Directory"><topic href="topics/Concept_ProjectOverview_id08e8fd26.html#id08e8fd26-7719-4fd5-bc82-09d70858c5a5" title="Project Overview"></topic></entry><entry keyword="Interface Materials Library"><topic href="topics/Concept_StarterLibraries_id1c10a7b3.html#id1c10a7b3-6aed-407f-9b2b-32b9c46af2a1" title="Starter Libraries"></topic></entry><entry keyword="Interpolation of Grid"><topic href="topics/Concept_SpatialSolutionGridOverview_id915d9ef3.html#id915d9ef3-e6f8-4da9-aab0-d2e4ebdfa03f" title="Spatial Solution Grid Overview"></topic></entry><entry keyword="Iterations"><topic href="topics/MGCGlos_Glossary_id7cfe37cd.html#id0f1a896b-c5f8-4aac-8355-efd8744a39ac" title="Iteration"></topic><entry keyword="inner"><topic href="topics/MGCGlos_Glossary_id7cfe37cd.html#ide12f4578-859d-44b5-9ae0-44072b02e925" title="Inner Iteration"></topic></entry><entry keyword="outer"><topic href="topics/MGCGlos_Glossary_id7cfe37cd.html#id04a215a7-012e-4cab-86e5-53ba367a59c5" title="&lt;install_dir&gt;"></topic><topic href="topics/MGCGlos_Glossary_id7cfe37cd.html#id1da5f472-f4a1-4945-a9cf-e5f6601b8864" title="Outer Iteration"></topic></entry></entry><entry keyword="KETurb"><topic href="topics/Concept_TheSolutionVariables_id0520b388.html#id0520b388-5931-4e36-8466-273c56099198" title="The Solution Variables"></topic></entry><entry keyword="Keypoint"><entry keyword="transients"><entry keyword="keypoint tolerance"><topic href="topics/GUIRefT_TransientSolutionDialogBox_ide2e12725.html#ide2e12725-c77f-4aae-adbd-2ac845872f8a" title="Transient Solution Dialog Box"></topic></entry></entry></entry><entry keyword="Keypoints"><topic href="topics/MGCGlos_Glossary_id7cfe37cd.html#id012879b9-7180-4eaf-a159-74a10c4aba4e" title="Keypoint"></topic><entry keyword="tolerance"><topic href="topics/MGCGlos_Glossary_id7cfe37cd.html#idc669fbab-ef8b-483e-8f88-d972076874ac" title="Tolerance"></topic></entry></entry><entry keyword="Laminar Flow"><topic href="topics/GUIRefT_ModelSetupTabAuxiliaryVariablesSection_ide8274dfc.html#ide8274dfc-638c-4d38-bb79-fa785e248577" title="Model Setup Tab - Auxiliary Variables Section"></topic><topic href="topics/GUIRefT_ModelSetupTabStoredVariablesSection_id0ffe317c.html#id0ffe317c-f51a-4af9-b405-e019177b3af2" title="Model Setup Tab - Stored Variables Section"></topic><topic href="topics/GUIRefT_ModelSetupTabGravitySection_id73aea0da.html#id73aea0da-a032-4945-82b8-5eae69ef653e" title="Model Setup Tab - Gravity Section"></topic><topic href="topics/GUIRefT_ModelSetupTabTurbulenceSection_idef0e3543.html#idef0e3543-83d3-49e6-9ad4-14f4a6fdac2e" title="Model Setup Tab - Turbulence Section"></topic><topic href="topics/GUIRefT_ModelSetupTabGlobalSystemSettingsSection_id00d4236a.html#id00d4236a-df14-4690-a369-f0d2dcb600c4" title="Model Setup Tab - Global System Settings Section"></topic></entry><entry keyword="Legend"><entry keyword="profile plots"><topic href="topics/Concept_ProfilePlotFeatures_ide098502d.html#ide098502d-a67f-42d4-9212-2b9de4ded605" title="Profile Plot Features"></topic></entry></entry><entry keyword="lib Fil es"><entry keyword="defined"><topic href="topics/MGCGlos_Glossary_id7cfe37cd.html#id11ac5737-1a8f-4a7f-88b2-4602a69c18f5" title="Lib File"></topic></entry></entry><entry keyword="lib Files"><topic href="topics/MGCGlos_Glossary_id7cfe37cd.html#id11ac5737-1a8f-4a7f-88b2-4602a69c18f5" title="Lib File"></topic></entry><entry keyword="Libraries"><entry keyword="lib Files"><topic href="topics/Concept_EcadFileFormats_id4fa01e08.html#id4fa01e08-b459-40a6-98ff-ecc91e71aa5b" title="ECAD File Formats"></topic><topic href="topics/TaskTop_ImportingIdfFiles_id69ab3c7e.html#id69ab3c7e-aa31-4195-8987-1a3953ab1584" title="Importing IDF Files"></topic><topic href="topics/MGCGlos_Glossary_id7cfe37cd.html#id11ac5737-1a8f-4a7f-88b2-4602a69c18f5" title="Lib File"></topic></entry><entry keyword="Library Data property sheet"><topic href="topics/GUIRefT_LibraryDataPropertySheet_id13925af7.html#id13925af7-525d-4872-84a4-56b959a6ff28" title="Library Data Property Sheet"></topic></entry></entry><entry keyword="License Timeout dialog box"><topic href="topics/GUIRefT_LicenseTimeoutDialogBox_id750ade4a.html#id750ade4a-2189-4825-9dc0-c78fc449f3ee" title="License Timeout Dialog Box"></topic></entry><entry keyword="Load"><entry keyword="project"><entry keyword="Load Project dialog box"><topic href="topics/GUIRefT_LoadProjectDialogBox_id29eed42c.html#id29eed42c-27b5-4373-a8ba-536784f93e52" title="Load Project Dialog Box"></topic></entry></entry></entry><entry keyword="Local Coordinates"><topic href="topics/Concept_CoordinateSystems_ide0530b84.html#ide0530b84-661e-455b-8906-8b9f6eb41de3" title="Coordinate Systems"></topic></entry><entry keyword="Locate"><entry keyword="geometry"><topic href="topics/Concept_CoordinateSystems_ide0530b84.html#ide0530b84-661e-455b-8906-8b9f6eb41de3" title="Coordinate Systems"></topic></entry></entry><entry keyword="Log files"><entry keyword="xml"><topic href="topics/Concept_AboutFloSCRIPT_id68b3dc84.html#id68b3dc84-daec-470d-b5c1-52f6ccfc0c11" title="About FloSCRIPT"></topic></entry></entry><entry keyword="Logarithmic Axis in Profile Plot"><topic href="topics/GUIRefT_PlotPropertySheetSettingsTab_idc3331e56.html#idc3331e56-21d8-4a9e-b79c-6c26360ab7c1" title="Plot Property Sheet Settings Tab"></topic></entry><entry keyword="Low Reynolds Number Flows"><topic href="topics/Concept_FalseTimeStepRelaxation_id51c577d6.html#id51c577d6-9e40-40c7-8358-55480b9528b1" title="False Time Step Relaxation"></topic></entry><entry keyword="LVEL"><entry keyword="K-Epsilon Turbulence Model"><topic href="topics/GUIRefT_ModelSetupTabTurbulenceSection_idef0e3543.html#idef0e3543-83d3-49e6-9ad4-14f4a6fdac2e" title="Model Setup Tab - Turbulence Section"></topic></entry></entry><entry keyword="MagGradT"><topic href="topics/Concept_TemperatureGradient_id682706a7.html#id682706a7-6c3d-4c9d-96ea-c81cf39ec6c0" title="Temperature Gradient"></topic></entry><entry keyword="Manipulator"><entry keyword="particle sources"><topic href="topics/GUIRefT_ParticleSourcePropertySheetDefinitionTab_id183b1ee6.html#id183b1ee6-2237-4548-a3df-2eccf67abc79" title="Particle Source Property Sheet - Definition Tab"></topic></entry></entry><entry keyword="Mass Continuity"><entry keyword="termination residual"><topic href="topics/Concept_ProgramCalculatedTerminationResiduals_id229665f0.html#id229665f0-0d68-4bd3-bcf3-a4a6a82924a0" title="Program-Calculated Termination Residuals"></topic></entry></entry><entry keyword="Maximum and Minimum Values"><topic href="topics/GUIRefT_ScalarFieldVariablePropertySheet_idf766eab5.html#idf766eab5-29da-4c38-94bd-7df0e4c08cd3" title="Scalar Field Variable Property Sheet"></topic></entry><entry keyword="Maximum aspect ratio"><entry keyword="button"><topic href="topics/GUIRefT_ProjectManagerStatusBar_id91641794.html#id91641794-a760-4504-a8b2-11bd84f6701f" title="Project Manager Status Bar"></topic></entry></entry><entry keyword="Mean Flows"><entry keyword="table"><topic href="topics/GUIRefT_RegionMeanFlowsResultsTable_id92a5ca27.html#id92a5ca27-2b3e-4c8d-ad3a-845d5835606a" title="Region Mean Flows Results Table"></topic></entry></entry><entry keyword="Measure Distances"><entry keyword="Measure dialog box"><topic href="topics/GUIRefT_MeasureDialogBox_id16e74176.html#id16e74176-7f0d-40b8-8071-2aecc2a4e856" title="Measure Dialog Box"></topic></entry></entry><entry keyword="Message Window"><topic href="topics/GUIRefT_MessageWindow_id5e5b6bb4.html#id5e5b6bb4-f952-4cb3-bdd8-c6cd696352f6" title="Message Window"></topic></entry><entry keyword="Monitor Cells"><topic href="topics/MGCGlos_Glossary_id7cfe37cd.html#id5642ac07-c10f-42ed-ad5c-13df1e4284c1" title="Monitor Cells"></topic></entry><entry keyword="Monitor Points"><entry keyword="convergence for temperature"><topic href="topics/GUIRefT_SolverControlTabMonitorPointSolutionControlSection_idf2cca121.html#idf2cca121-7fe2-49cb-a89a-fdc95277e0a9" title="Solver Control Tab - Monitor Point Solution Control Section"></topic></entry><entry keyword="display in Drawing Board"><topic href="topics/GUIRefT_UserPreferencesDialogBoxDrawingBoardTab_id5c087343.html#id5c087343-337b-47d9-a2cd-d5c41583b9bd" title="User Preferences Dialog Box - Drawing Board Tab"></topic></entry><entry keyword="Monitor Points v Iteration Profile Plots"><topic href="topics/GUIRefT_MonitorPointsVIterationPlotSteadyState_id4d8aa795.html#id4d8aa795-aa3a-440d-9a1d-75f26bdf721a" title="Monitor Points v Iteration Plot (Steady State)"></topic></entry><entry keyword="Monitor Points v Time Profile Plots"><topic href="topics/GUIRefT_MonitorPointsVTimePlotTransient_id256cdc15.html#id256cdc15-9dbb-4bdd-90a7-e4a67d4329f0" title="Monitor Points v Time Plot (Transient)"></topic></entry><entry keyword="solution control settings"><topic href="topics/GUIRefT_SolverControlTabMonitorPointSolutionControlSection_idf2cca121.html#idf2cca121-7fe2-49cb-a89a-fdc95277e0a9" title="Solver Control Tab - Monitor Point Solution Control Section"></topic></entry></entry><entry keyword="Monitoring Convergence"><topic href="topics/Concept_MonitorPoints_id51830a7c.html#id51830a7c-736c-46ef-b63a-2a4b9ec09e76" title="Monitor Points"></topic></entry><entry keyword="Move dialog box"><topic href="topics/GUIRefT_MoveDialogBox_idc478f694.html#idc478f694-3f8d-416d-8c3a-b13ea2e368b0" title="Move Dialog Box"></topic></entry><entry keyword="Name"><entry keyword="editing"><topic href="topics/Concept_PropertySheets_ida29aba17.html#ida29aba17-749a-41cc-86ac-a797cbb37a29" title="Property Sheets"></topic></entry><entry keyword="unique"><topic href="topics/TaskTop_CreatingUniqueNamesForObjects_ideba23c29.html#ideba23c29-4901-4f41-8db2-a410671eb9df" title="Creating Unique Names for Objects"></topic></entry></entry><entry keyword="Natural Convection"><topic href="topics/GUIRefT_SolverControlTab_ida0c1d66a.html#ida0c1d66a-d85f-4938-b53e-cf315e409a2b" title="Solver Control Tab"></topic></entry><entry keyword="Net Radiant Flux"><topic href="topics/GUIRefT_ModelSetupTabGlobalSystemSettingsSection_id00d4236a.html#id00d4236a-df14-4690-a369-f0d2dcb600c4" title="Model Setup Tab - Global System Settings Section"></topic></entry><entry keyword="Network Assembly Block Correction"><topic href="topics/GUIRefT_SolverControlTab_ida0c1d66a.html#ida0c1d66a-d85f-4938-b53e-cf315e409a2b" title="Solver Control Tab"></topic></entry><entry keyword="New"><entry keyword="library"><topic href="topics/TaskTop_AddingANewLibrary_id85cc928e.html#id85cc928e-a5d8-4ae1-9d5b-f5a1239b4712" title="Adding a New Library"></topic></entry><entry keyword="project"><entry keyword="New Project dialog box"><topic href="topics/GUIRefT_NewProjectDialogBox_idfabc6ef3.html#idfabc6ef3-d080-4301-be26-b5efeb86877f" title="New Project Dialog Box"></topic></entry></entry></entry><entry keyword="Normal Gravity"><topic href="topics/GUIRefT_ModelSetupTabGravitySection_id73aea0da.html#id73aea0da-a032-4945-82b8-5eae69ef653e" title="Model Setup Tab - Gravity Section"></topic></entry><entry keyword="Notes"><topic href="topics/GUIRefT_NotesDialogBox_idc8004bce.html#idc8004bce-00e0-4918-933d-e99528e6c95e" title="Notes Dialog Box"></topic></entry><entry keyword="Number of Ticks in Legend"><entry keyword="Visual Edit or"><topic href="topics/GUIRefT_ScalarFieldVariablePropertySheet_idf766eab5.html#idf766eab5-29da-4c38-94bd-7df0e4c08cd3" title="Scalar Field Variable Property Sheet"></topic></entry></entry><entry keyword="Object Coordinates"><topic href="topics/Concept_CoordinateSystems_ide0530b84.html#ide0530b84-661e-455b-8906-8b9f6eb41de3" title="Coordinate Systems"></topic></entry><entry keyword="Open Boundary"><topic href="topics/GUIRefT_SystemPropertySheetBoundariesTab_id8d613817.html#id8d613817-080f-48b6-a62d-713b20e0eb18" title="System Property Sheet Boundaries Tab"></topic></entry><entry keyword="Out er Iterations"><topic href="topics/MGCGlos_Glossary_id7cfe37cd.html#id04a215a7-012e-4cab-86e5-53ba367a59c5" title="&lt;install_dir&gt;"></topic></entry><entry keyword="Outer Iterations"><topic href="topics/MGCGlos_Glossary_id7cfe37cd.html#id1da5f472-f4a1-4945-a9cf-e5f6601b8864" title="Outer Iteration"></topic></entry><entry keyword="Overall Solution Domain"><topic href="topics/GUIRefT_SystemPropertySheet_id53c9755d.html#id53c9755d-72a9-4c83-872e-97ffc93cf6ba" title="System Property Sheet"></topic></entry><entry keyword="Overall/Cutouts Table"><topic href="topics/GUIRefT_CutoutsOverallResultsTable_id76e65716.html#id76e65716-d108-42d9-917d-4da247ac22fd" title="Cutouts/Overall Results Table"></topic></entry><entry keyword="Parallel Solver"><topic href="topics/GUIRefT_UserPreferencesDialogBoxProjectManagerTab_ide595cfa1.html#ide595cfa1-31aa-496e-9846-59ae7c73fae7" title="User Preferences Dialog Box - Project Manager Tab"></topic></entry><entry keyword="Pass and Passes"><topic href="topics/MGCGlos_Glossary_id7cfe37cd.html#id104a1bf1-9a90-48f1-8532-52f1384cbce0" title="Pass and Passes"></topic></entry><entry keyword="Patterns"><entry keyword="Pattern Creation dialog box"><topic href="topics/GUIRefT_PatternCreationDialogBox_id8ddc0823.html#id8ddc0823-db73-44e4-9c8a-5e0b7b4feecd" title="Pattern Creation Dialog Box"></topic></entry></entry><entry keyword="PDML Files"><entry keyword="batch mode support"><topic href="topics/Concept_BatchModeSolve_idc03567b4.html#idc03567b4-a117-4e59-817c-bf5ea8beb5de" title="Batch Mode Solve"></topic></entry></entry><entry keyword="Perforated Plates"><entry keyword="table"><topic href="topics/GUIRefT_PerforatedPlatesResultsTable_iddd7c886f.html#iddd7c886f-9d72-46e9-a2c7-c477e3a85f26" title="Perforated Plates Results Table"></topic></entry></entry><entry keyword="Possible Heat Flow Paths"><topic href="topics/Concept_BnAndSc_id57ece963.html#id57ece963-c6fb-4a04-9307-9dc9bd686ae4" title="Bn and Sc"></topic></entry><entry keyword="Potential"><entry keyword="termination residual"><topic href="topics/Concept_ProgramCalculatedTerminationResiduals_id229665f0.html#id229665f0-0d68-4bd3-bcf3-a4a6a82924a0" title="Program-Calculated Termination Residuals"></topic></entry></entry><entry keyword="Power Density"><topic href="topics/GUIRefT_ModelSetupTabStoredVariablesSection_id0ffe317c.html#id0ffe317c-f51a-4af9-b405-e019177b3af2" title="Model Setup Tab - Stored Variables Section"></topic></entry><entry keyword="Power Map"><entry keyword="table"><topic href="topics/GUIRefT_PowerMapsResultsTable_id4d987864.html#id4d987864-bc72-463f-92b2-2cf75da25886" title="Power Maps Results Table"></topic></entry></entry><entry keyword="Power Maps"><entry keyword="geometry"><topic href="topics/Concept_OverviewOfGeometry_id380d48bf.html#id380d48bf-2a5d-45ba-95ac-99e15e34e4fa" title="Overview of Geometry"></topic></entry></entry><entry keyword="prb Files"><topic href="topics/MGCGlos_Glossary_id7cfe37cd.html#id18040672-358f-4db4-b440-dc7e9b46c98c" title="*.prb"></topic></entry><entry keyword="Preferences"><topic href="topics/GUIRefT_UserPreferencesDialogBox_idaa855ccd.html#idaa855ccd-cac1-47ac-a5b8-0d6d87461a9b" title="User Preferences Dialog Box"></topic></entry><entry keyword="Profile Plots"><entry keyword="annotations"><topic href="topics/Concept_ProfilePlotFeatures_ide098502d.html#ide098502d-a67f-42d4-9212-2b9de4ded605" title="Profile Plot Features"></topic></entry><entry keyword="configuration"><topic href="topics/Concept_ProfilePlotFeatures_ide098502d.html#ide098502d-a67f-42d4-9212-2b9de4ded605" title="Profile Plot Features"></topic></entry><entry keyword="highlighting"><topic href="topics/Concept_ProfilePlotFeatures_ide098502d.html#ide098502d-a67f-42d4-9212-2b9de4ded605" title="Profile Plot Features"></topic></entry><entry keyword="two y-axes plots"><topic href="topics/Concept_ProfilePlotFeatures_ide098502d.html#ide098502d-a67f-42d4-9212-2b9de4ded605" title="Profile Plot Features"></topic></entry><entry keyword="window"><topic href="topics/GUIRefT_ProfilesWindow_id87d590e2.html#id87d590e2-97e0-45c7-a665-8aef204794dd" title="Profiles Window"></topic></entry><entry keyword="zooming"><topic href="topics/Concept_ProfilePlotFeatures_ide098502d.html#ide098502d-a67f-42d4-9212-2b9de4ded605" title="Profile Plot Features"></topic></entry></entry><entry keyword="Project"><entry keyword="backup"><topic href="topics/TaskTop_SavingAProject_id2324ff00.html#id2324ff00-fd42-4861-a706-2d89e399ba81" title="Saving a Project"></topic></entry><entry keyword="load"><topic href="topics/GUIRefT_LoadProjectDialogBox_id29eed42c.html#id29eed42c-27b5-4373-a8ba-536784f93e52" title="Load Project Dialog Box"></topic></entry><entry keyword="notes"><topic href="topics/GUIRefT_SaveProjectDialogBox_id9b7cb3c6.html#id9b7cb3c6-7b49-40dd-89ae-47ec62efb917" title="Save Project Dialog Box"></topic></entry><entry keyword="solution directory"><topic href="topics/GUIRefT_SaveProjectDialogBox_id9b7cb3c6.html#id9b7cb3c6-7b49-40dd-89ae-47ec62efb917" title="Save Project Dialog Box"></topic><topic href="topics/Concept_ProjectOverview_id08e8fd26.html#id08e8fd26-7719-4fd5-bc82-09d70858c5a5" title="Project Overview"></topic></entry><entry keyword="title"><topic href="topics/GUIRefT_SaveProjectDialogBox_id9b7cb3c6.html#id9b7cb3c6-7b49-40dd-89ae-47ec62efb917" title="Save Project Dialog Box"></topic></entry></entry><entry keyword="Rack"><entry keyword="table"><topic href="topics/GUIRefT_RacksResultsTable_id7bace89a.html#id7bace89a-07ee-4258-b711-165033420726" title="Racks Results Table"></topic></entry></entry><entry keyword="Radiant Temperature"><topic href="topics/GUIRefT_ModelSetupTabGlobalSystemSettingsSection_id00d4236a.html#id00d4236a-df14-4690-a369-f0d2dcb600c4" title="Model Setup Tab - Global System Settings Section"></topic></entry><entry keyword="Radiation"><entry keyword="external radiant flux (net)"><topic href="topics/GUIRefT_ModelSetupTabGlobalSystemSettingsSection_id00d4236a.html#id00d4236a-df14-4690-a369-f0d2dcb600c4" title="Model Setup Tab - Global System Settings Section"></topic></entry><entry keyword="radiative exchange factors"><entry keyword="batch mode"><topic href="topics/Command_Flotherm_id90bc24cb.html#id90bc24cb-d1b7-4731-8259-71dcc372b7c5" title="flotherm"></topic></entry></entry><entry keyword="remote source"><topic href="topics/GUIRefT_ModelSetupTabGlobalSystemSettingsSection_id00d4236a.html#id00d4236a-df14-4690-a369-f0d2dcb600c4" title="Model Setup Tab - Global System Settings Section"></topic></entry><entry keyword="switching on/off"><topic href="topics/GUIRefT_ModelSetupTab_ide8e4b082.html#ide8e4b082-a41f-4ac8-ba6b-ff850a7835b7" title="Model Setup Tab"></topic></entry></entry><entry keyword="Recirculation Device"><entry keyword="Table"><topic href="topics/GUIRefT_RecirculationDevicesResultsTable_id100d81a1.html#id100d81a1-3005-4ad5-9a09-bd2c2f63777d" title="Recirculation Devices Results Table"></topic></entry></entry><entry keyword="Reference Density"><topic href="topics/Concept_CalculationOfGravity_idf9bddc94.html#idf9bddc94-4205-4b8a-9c3b-38f88d580016" title="Calculation of Gravity"></topic></entry><entry keyword="Reference Temperature"><topic href="topics/Concept_CalculationOfGravity_idf9bddc94.html#idf9bddc94-4205-4b8a-9c3b-38f88d580016" title="Calculation of Gravity"></topic></entry><entry keyword="Regions"><entry keyword="summary table"><topic href="topics/GUIRefT_RegionsSummaryResultsTable_idbb09e824.html#idbb09e824-5e94-4c27-93fb-ebb307e97270" title="Regions Summary Results Table"></topic></entry></entry><entry keyword="Remote Radiating Source"><entry keyword="external radiant temperature"><topic href="topics/GUIRefT_ModelSetupTabGlobalSystemSettingsSection_id00d4236a.html#id00d4236a-df14-4690-a369-f0d2dcb600c4" title="Model Setup Tab - Global System Settings Section"></topic></entry></entry><entry keyword="Residual Error"><topic href="topics/Concept_TheSolutionProcess_ide2059f6f.html#ide2059f6f-9b58-44b1-bdf9-bbc636f47a36" title="The Solution Process"></topic><topic href="topics/MGCGlos_Glossary_id7cfe37cd.html#idc9e4a2c6-ad7b-4417-b379-0f43030e393e" title="Residuals"></topic><entry keyword="Residuals Iteration Curves v Time Profile Plots"><topic href="topics/GUIRefT_ResidualIterationsVTimePlotTransient_id63556d17.html#id63556d17-4fe6-4709-93b4-9632c0337a1e" title="Residual Iterations v Time Plot (Transient)"></topic></entry><entry keyword="Residuals v Time Profile Plots"><topic href="topics/GUIRefT_ResidualsVTimePlotTransient_idca112899.html#idca112899-3428-4de2-b6a7-9278511d9d1d" title="Residuals v Time Plot (Transient)"></topic></entry></entry><entry keyword="Response Surf ace"><entry keyword="definition"><topic href="topics/MGCGlos_Glossary_id7cfe37cd.html#id660c9346-2cac-4671-a863-03b149c94ad2" title="Response Surface"></topic></entry></entry><entry keyword="Results"><entry keyword="range"><topic href="topics/GUIRefT_ScalarFieldVariablePropertySheet_idf766eab5.html#idf766eab5-29da-4c38-94bd-7df0e4c08cd3" title="Scalar Field Variable Property Sheet"></topic></entry><entry keyword="Results v Distance Profile Plots"><topic href="topics/GUIRefT_ResultsVDistancePlot_id53dce179.html#id53dce179-9eb7-42b6-b0b6-9a15f926d10a" title="Results v Distance Plot"></topic></entry></entry><entry keyword="Root Assembly"><entry keyword="definition"><topic href="topics/MGCGlos_Glossary_id7cfe37cd.html#id44060517-06a3-4db0-a8e3-c01a97f008d5" title="Root Assembly"></topic></entry></entry><entry keyword="Rotate View dialog box"><topic href="topics/GUIRefT_RotateViewDialogBox_id2627cfa8.html#id2627cfa8-97bb-420d-abb4-9185129d80b5" title="Rotate View Dialog Box"></topic></entry><entry keyword="Save"><entry keyword="Save Project dialog box"><topic href="topics/GUIRefT_SaveProjectDialogBox_id9b7cb3c6.html#id9b7cb3c6-7b49-40dd-89ae-47ec62efb917" title="Save Project Dialog Box"></topic></entry></entry><entry keyword="Sc"><topic href="topics/Concept_BnAndSc_id57ece963.html#id57ece963-c6fb-4a04-9307-9dc9bd686ae4" title="Bn and Sc"></topic></entry><entry keyword="Selection"><entry keyword="buttons"><topic href="topics/MGCGlos_Glossary_id7cfe37cd.html#id748e98b6-e3e2-4fbd-8cf3-ffc0232a0f86" title="S-F"></topic></entry></entry><entry keyword="Slow Flows"><topic href="topics/Concept_FalseTimeStepRelaxation_id51c577d6.html#id51c577d6-9e40-40c7-8358-55480b9528b1" title="False Time Step Relaxation"></topic></entry><entry keyword="Smallest Grid Cell"><topic href="topics/Concept_GridSuitability_id58a56c4f.html#id58a56c4f-e6d1-4f4f-9ea0-94f07557f2c6" title="Grid Suitability"></topic></entry><entry keyword="Snap"><entry keyword="snap grid"><topic href="topics/GUIRefT_UserPreferencesDialogBoxDrawingBoardTab_id5c087343.html#id5c087343-337b-47d9-a2cd-d5c41583b9bd" title="User Preferences Dialog Box - Drawing Board Tab"></topic></entry></entry><entry keyword="Solar Radiation"><entry keyword="Solar Radiation dialog box"><topic href="topics/GUIRefT_SolarConfigurationDialogBox_id6d91b62b.html#id6d91b62b-7212-4e8a-bd39-f399877adfcd" title="Solar Configuration Dialog Box"></topic></entry><entry keyword="solar vector display"><topic href="topics/GUIRefT_UserPreferencesDialogBoxDrawingBoardTab_id5c087343.html#id5c087343-337b-47d9-a2cd-d5c41583b9bd" title="User Preferences Dialog Box - Drawing Board Tab"></topic></entry></entry><entry keyword="solexe"><topic href="topics/TaskTop_SettingSolutionProcessPriorityUsingTheTaskManager_id02f3ef7e.html#id02f3ef7e-af05-402b-ada8-1db46dafc3ca" title="Setting Solution Process Priority Using the Task Manager"></topic></entry><entry keyword="Solid Conductors"><entry keyword="fluxes table"><topic href="topics/GUIRefT_SolidConductorFluxesResultsTable_ida503ff2d.html#ida503ff2d-58ed-436a-b1c7-842414a0141e" title="Solid Conductor Fluxes Results Table"></topic></entry><entry keyword="summary table"><topic href="topics/GUIRefT_SolidConductorsSummaryResultsTable_idfb5e978a.html#idfb5e978a-3832-417d-acc5-223b4b348fe3" title="Solid Conductors Summary Results Table"></topic></entry><entry keyword="temperatures table"><topic href="topics/GUIRefT_SolidConductorTemperaturesResultsTable_idee1c9043.html#idee1c9043-9119-4705-adca-02be8440773c" title="Solid Conductor Temperatures Results Table"></topic></entry></entry><entry keyword="Solution"><entry keyword="directory"><topic href="topics/Concept_ProjectOverview_id08e8fd26.html#id08e8fd26-7719-4fd5-bc82-09d70858c5a5" title="Project Overview"></topic></entry><entry keyword="initialize"><entry keyword="Solution Set dialog box"><topic href="topics/GUIRefT_SolutionTypeChangedDialogBox_id93b4fe40.html#id93b4fe40-fad7-4087-9d95-c98f58cf81a0" title="Solution Type Changed Dialog Box"></topic><topic href="topics/GUIRefT_SolutionSetDialogBox_idef2062ca.html#idef2062ca-7b31-406c-bd9f-c07d7b4b795b" title="Solution Set Dialog Box"></topic></entry></entry><entry keyword="process"><topic href="topics/Concept_TheSolutionProcess_ide2059f6f.html#ide2059f6f-9b58-44b1-bdf9-bbc636f47a36" title="The Solution Process"></topic></entry></entry><entry keyword="Solution Directory"><topic href="topics/Concept_ProjectOverview_id08e8fd26.html#id08e8fd26-7719-4fd5-bc82-09d70858c5a5" title="Project Overview"></topic></entry><entry keyword="Solution Domain"><entry keyword="overall boundary"><topic href="topics/GUIRefT_SystemPropertySheet_id53c9755d.html#id53c9755d-72a9-4c83-872e-97ffc93cf6ba" title="System Property Sheet"></topic></entry></entry><entry keyword="solver"><entry keyword="multi grid"><topic href="topics/GUIRefT_SolverControlTab_ida0c1d66a.html#ida0c1d66a-d85f-4938-b53e-cf315e409a2b" title="Solver Control Tab"></topic></entry></entry><entry keyword="Solver"><entry keyword="advanced control"><entry keyword="freeze flow"><topic href="topics/GUIRefT_SolverControlTab_ida0c1d66a.html#ida0c1d66a-d85f-4938-b53e-cf315e409a2b" title="Solver Control Tab"></topic></entry></entry><entry keyword="control options"><topic href="topics/GUIRefT_SolverControlTab_ida0c1d66a.html#ida0c1d66a-d85f-4938-b53e-cf315e409a2b" title="Solver Control Tab"></topic></entry><entry keyword="outer iterations"><topic href="topics/GUIRefT_SolverControlTab_ida0c1d66a.html#ida0c1d66a-d85f-4938-b53e-cf315e409a2b" title="Solver Control Tab"></topic></entry><entry keyword="parallel solver"><topic href="topics/GUIRefT_UserPreferencesDialogBoxProjectManagerTab_ide595cfa1.html#ide595cfa1-31aa-496e-9846-59ae7c73fae7" title="User Preferences Dialog Box - Project Manager Tab"></topic></entry><entry keyword="segregated conjugate residual"><topic href="topics/GUIRefT_SolverControlTab_ida0c1d66a.html#ida0c1d66a-d85f-4938-b53e-cf315e409a2b" title="Solver Control Tab"></topic></entry><entry keyword="Solver Progress dialog box"><topic href="topics/GUIRefT_SolverProgressDialogBox_id97188e2a.html#id97188e2a-22aa-4390-acd6-36268ffb65fb" title="Solver Progress Dialog Box"></topic></entry></entry><entry keyword="Solver Control Tab"><topic href="topics/GUIRefT_SolverControlTab_ida0c1d66a.html#ida0c1d66a-d85f-4938-b53e-cf315e409a2b" title="Solver Control Tab"></topic></entry><entry keyword="Solver Options property sheet"><topic href="topics/GUIRefT_SolverControlTab_ida0c1d66a.html#ida0c1d66a-d85f-4938-b53e-cf315e409a2b" title="Solver Control Tab"></topic></entry><entry keyword="Solver Progress dialog box"><topic href="topics/GUIRefT_SolverProgressDialogBox_id97188e2a.html#id97188e2a-22aa-4390-acd6-36268ffb65fb" title="Solver Progress Dialog Box"></topic></entry><entry keyword="Sources"><entry keyword="display direction in Drawing Board"><topic href="topics/GUIRefT_UserPreferencesDialogBoxDrawingBoardTab_id5c087343.html#id5c087343-337b-47d9-a2cd-d5c41583b9bd" title="User Preferences Dialog Box - Drawing Board Tab"></topic></entry></entry><entry keyword="Stagger"><topic href="topics/GUIRefT_UserPreferencesDialogBoxProjectManagerTab_ide595cfa1.html#ide595cfa1-31aa-496e-9846-59ae7c73fae7" title="User Preferences Dialog Box - Project Manager Tab"></topic></entry><entry keyword="Standard Supplied Templates"><topic href="topics/TaskTop_CreatingANewProject_idbf59188c.html#idbf59188c-2469-461f-8f71-837f4ab57b74" title="Creating a New Project"></topic></entry><entry keyword="Stationary Flow"><topic href="topics/Concept_TypesOfSolution_id904b3960.html#id904b3960-4b08-4df9-b634-5d8ae7ecff05" title="Types of Solution"></topic></entry><entry keyword="Steady Solution"><entry keyword="initial co nditions"><topic href="topics/MGCGlos_Glossary_id7cfe37cd.html#ide12f4578-859d-44b5-9ae0-44072b02e925" title="Inner Iteration"></topic></entry></entry><entry keyword="Stratification"><topic href="topics/Concept_LvelKEpsilonModel_ided19a6e5.html#ided19a6e5-d303-4ea0-a730-75afe5b76e0d" title="LVEL K-Epsilon Model"></topic></entry><entry keyword="Subdomains"><entry keyword="edit location"><topic href="topics/GUIRefT_SubdomainPropertySheet_id1a375d3c.html#id1a375d3c-41da-42a8-86e6-c3afe1b55a8a" title="Subdomain Property Sheet"></topic></entry><entry keyword="initial values"><topic href="topics/GUIRefT_SubdomainPropertySheetInitialValuesTab_id4c91f222.html#id4c91f222-f8bc-4a0f-8c86-bc107f2059c4" title="Subdomain Property Sheet Initial Values Tab"></topic></entry></entry><entry keyword="Sun (effects of)"><topic href="topics/GUIRefT_SolarConfigurationDialogBox_id6d91b62b.html#id6d91b62b-7212-4e8a-bd39-f399877adfcd" title="Solar Configuration Dialog Box"></topic></entry><entry keyword="Surface Temperature"><entry keyword="store"><topic href="topics/GUIRefT_ModelSetupTabStoredVariablesSection_id0ffe317c.html#id0ffe317c-f51a-4af9-b405-e019177b3af2" title="Model Setup Tab - Stored Variables Section"></topic></entry></entry><entry keyword="Symmetry Boundary"><topic href="topics/GUIRefT_SystemPropertySheetBoundariesTab_id8d613817.html#id8d613817-080f-48b6-a62d-713b20e0eb18" title="System Property Sheet Boundaries Tab"></topic></entry><entry keyword="System"><entry keyword="coordinates"><topic href="topics/GUIRefT_UserPreferencesDialogBoxProjectManagerTab_ide595cfa1.html#ide595cfa1-31aa-496e-9846-59ae7c73fae7" title="User Preferences Dialog Box - Project Manager Tab"></topic></entry><entry keyword="grid"><entry keyword="System Grid property sheet"><topic href="topics/GUIRefT_SystemGridPropertySheet_id9f660e29.html#id9f660e29-87b6-499f-adea-a58ca6e246f9" title="System Grid Property Sheet"></topic></entry></entry></entry><entry keyword="T3Ster"><entry keyword="importing xCTM geometry files"><topic href="topics/TaskTop_ImportingT3sterFiles_idb26ee380.html#idb26ee380-dce4-4dfc-aa95-a683fa263a6b" title="Importing T3Ster Files"></topic></entry></entry><entry keyword="TEC"><entry keyword="table"><topic href="topics/GUIRefT_TecResultsTable_id1dea457a.html#id1dea457a-96b3-478b-b58d-0bf054215a60" title="TEC Results Table"></topic></entry></entry><entry keyword="Temperature"><entry keyword="residual error"><topic href="topics/Concept_ProgramCalculatedTerminationResiduals_id229665f0.html#id229665f0-0d68-4bd3-bcf3-a4a6a82924a0" title="Program-Calculated Termination Residuals"></topic></entry><entry keyword="solution control"><topic href="topics/Concept_FalseTimeStepRelaxation_id51c577d6.html#id51c577d6-9e40-40c7-8358-55480b9528b1" title="False Time Step Relaxation"></topic></entry><entry keyword="termination residual"><topic href="topics/Concept_ProgramCalculatedTerminationResiduals_id229665f0.html#id229665f0-0d68-4bd3-bcf3-a4a6a82924a0" title="Program-Calculated Termination Residuals"></topic></entry></entry><entry keyword="Templates"><topic href="topics/GUIRefT_NewProjectDialogBox_idfabc6ef3.html#idfabc6ef3-d080-4301-be26-b5efeb86877f" title="New Project Dialog Box"></topic></entry><entry keyword="Termination Residual"><topic href="topics/Concept_TheSolutionProcess_ide2059f6f.html#ide2059f6f-9b58-44b1-bdf9-bbc636f47a36" title="The Solution Process"></topic><topic href="topics/GUIRefT_SolverControlTabVariableSolutionControlSection_idd2da4a45.html#idd2da4a45-2df0-4df9-87a2-9b58990b6892" title="Solver Control Tab - Variable Solution Control Section"></topic><topic href="topics/MGCGlos_Glossary_id7cfe37cd.html#id1c3d22da-547a-4d96-8085-21efe4f3635d" title="Termination Residual"></topic></entry><entry keyword="Thermal Bottlenecks"><topic href="topics/Concept_BnAndSc_id57ece963.html#id57ece963-c6fb-4a04-9307-9dc9bd686ae4" title="Bn and Sc"></topic></entry><entry keyword="Three Dimensional Analysis"><topic href="topics/GUIRefT_ModelSetupTab_ide8e4b082.html#ide8e4b082-a41f-4ac8-ba6b-ff850a7835b7" title="Model Setup Tab"></topic></entry><entry keyword="Time"><entry keyword="time steps"><entry keyword="defined"><topic href="topics/MGCGlos_Glossary_id7cfe37cd.html#ida7f48eb7-9d58-4e29-ab6a-0591f2aaee1e" title="Time Step"></topic></entry></entry></entry><entry keyword="Title"><entry keyword="setting"><topic href="topics/GUIRefT_SaveProjectDialogBox_id9b7cb3c6.html#id9b7cb3c6-7b49-40dd-89ae-47ec62efb917" title="Save Project Dialog Box"></topic></entry></entry><entry keyword="Tol erance (keypoints)"><topic href="topics/MGCGlos_Glossary_id7cfe37cd.html#idc669fbab-ef8b-483e-8f88-d972076874ac" title="Tolerance"></topic></entry><entry keyword="Total Pressure"><topic href="topics/Concept_SolutionVariablesFaqs_id282ce899.html#id282ce899-c155-4539-9b6f-d1bc79e401d2" title="Solution Variables FAQs"></topic></entry><entry keyword="Transient Grid"><entry keyword="Transient Solution dialog box"><topic href="topics/GUIRefT_TransientSolutionDialogBox_ide2e12725.html#ide2e12725-c77f-4aae-adbd-2ac845872f8a" title="Transient Solution Dialog Box"></topic></entry></entry><entry keyword="Transient Solution"><entry keyword="in Command Center"><topic href="topics/Concept_TransientAnalysisCases_id24ae469e.html#id24ae469e-15fd-4b7d-9a13-f3d3b3375e58" title="Transient Analysis Cases"></topic></entry><entry keyword="in stages"><topic href="topics/Concept_TransientAnalysisCases_id24ae469e.html#id24ae469e-15fd-4b7d-9a13-f3d3b3375e58" title="Transient Analysis Cases"></topic></entry><entry keyword="initial conditions"><topic href="topics/MGCGlos_Glossary_id7cfe37cd.html#ide12f4578-859d-44b5-9ae0-44072b02e925" title="Inner Iteration"></topic></entry><entry keyword="validity checking"><topic href="topics/Concept_TransientAnalysisCases_id24ae469e.html#id24ae469e-15fd-4b7d-9a13-f3d3b3375e58" title="Transient Analysis Cases"></topic></entry></entry><entry keyword="Turbulence"><entry keyword="Turbulence setting"><topic href="topics/GUIRefT_ModelSetupTabAuxiliaryVariablesSection_ide8274dfc.html#ide8274dfc-638c-4d38-bb79-fa785e248577" title="Model Setup Tab - Auxiliary Variables Section"></topic><topic href="topics/GUIRefT_ModelSetupTabStoredVariablesSection_id0ffe317c.html#id0ffe317c-f51a-4af9-b405-e019177b3af2" title="Model Setup Tab - Stored Variables Section"></topic><topic href="topics/GUIRefT_ModelSetupTabGravitySection_id73aea0da.html#id73aea0da-a032-4945-82b8-5eae69ef653e" title="Model Setup Tab - Gravity Section"></topic><topic href="topics/GUIRefT_ModelSetupTabTurbulenceSection_idef0e3543.html#idef0e3543-83d3-49e6-9ad4-14f4a6fdac2e" title="Model Setup Tab - Turbulence Section"></topic><topic href="topics/GUIRefT_ModelSetupTabGlobalSystemSettingsSection_id00d4236a.html#id00d4236a-df14-4690-a369-f0d2dcb600c4" title="Model Setup Tab - Global System Settings Section"></topic></entry></entry><entry keyword="TurbVis"><topic href="topics/Concept_TheSolutionVariables_id0520b388.html#id0520b388-5931-4e36-8466-273c56099198" title="The Solution Variables"></topic></entry><entry keyword="Two Dimensional Analysis"><topic href="topics/GUIRefT_ModelSetupTab_ide8e4b082.html#ide8e4b082-a41f-4ac8-ba6b-ff850a7835b7" title="Model Setup Tab"></topic></entry><entry keyword="Two Y-Axes Plots"><topic href="topics/Concept_ProfilePlotFeatures_ide098502d.html#ide098502d-a67f-42d4-9212-2b9de4ded605" title="Profile Plot Features"></topic></entry><entry keyword="Types of Solution"><topic href="topics/GUIRefT_ModelSetupTab_ide8e4b082.html#ide8e4b082-a41f-4ac8-ba6b-ff850a7835b7" title="Model Setup Tab"></topic><topic href="topics/Concept_TypesOfSolution_id904b3960.html#id904b3960-4b08-4df9-b634-5d8ae7ecff05" title="Types of Solution"></topic></entry><entry keyword="Undo"><entry keyword="Flushing the Undo Stack"><topic href="topics/TaskTop_UndoingAndRedoingTheLastOperation_id9cfaf3df.html#id9cfaf3df-1cac-4a89-8adf-eacc39efe75d" title="Undoing and Redoing the Last Operation"></topic></entry></entry><entry keyword="Units"><topic href="topics/GUIRefT_GlobalUnitsDialogBox_id03b11aac.html#id03b11aac-d70e-4068-b593-cc614e9bd30c" title="Global Units Dialog Box"></topic></entry><entry keyword="Upwind Principle"><topic href="topics/Concept_HeatFlux_id4dd60342.html#id4dd60342-3da1-48b6-8700-8db8870e4eca" title="Heat Flux"></topic></entry><entry keyword="User Preferences dialog box"><topic href="topics/GUIRefT_UserPreferencesDialogBox_idaa855ccd.html#idaa855ccd-cac1-47ac-a5b8-0d6d87461a9b" title="User Preferences Dialog Box"></topic></entry><entry keyword="uVelocity"><topic href="topics/Concept_ModelingDimensionality_ide8b4ed8f.html#ide8b4ed8f-3e63-43bc-a2f6-fff80edfa083" title="Modeling Dimensionality"></topic></entry><entry keyword="Variables"><entry keyword="auxiliary variables"><topic href="topics/MGCGlos_Glossary_id7cfe37cd.html#id1bdad773-824a-4511-a63a-ee6df2b1225f" title="Variables"></topic></entry><entry keyword="Bn"><topic href="topics/Concept_BnAndSc_id57ece963.html#id57ece963-c6fb-4a04-9307-9dc9bd686ae4" title="Bn and Sc"></topic></entry><entry keyword="Density"><topic href="topics/Concept_TheSolutionVariables_id0520b388.html#id0520b388-5931-4e36-8466-273c56099198" title="The Solution Variables"></topic></entry><entry keyword="dependent"><topic href="topics/MGCGlos_Glossary_id7cfe37cd.html#id1bdad773-824a-4511-a63a-ee6df2b1225f" title="Variables"></topic></entry><entry keyword="DissTurb"><topic href="topics/Concept_TheSolutionVariables_id0520b388.html#id0520b388-5931-4e36-8466-273c56099198" title="The Solution Variables"></topic></entry><entry keyword="initializing"><topic href="topics/GUIRefT_SolverControlTabVariableSolutionControlSection_idd2da4a45.html#idd2da4a45-2df0-4df9-87a2-9b58990b6892" title="Solver Control Tab - Variable Solution Control Section"></topic></entry><entry keyword="KETurb"><topic href="topics/Concept_TheSolutionVariables_id0520b388.html#id0520b388-5931-4e36-8466-273c56099198" title="The Solution Variables"></topic></entry><entry keyword="MagGradT"><topic href="topics/Concept_TemperatureGradient_id682706a7.html#id682706a7-6c3d-4c9d-96ea-c81cf39ec6c0" title="Temperature Gradient"></topic></entry><entry keyword="Potential"><topic href="topics/Concept_TheSolutionVariables_id0520b388.html#id0520b388-5931-4e36-8466-273c56099198" title="The Solution Variables"></topic></entry><entry keyword="Pressure"><topic href="topics/Concept_TheSolutionVariables_id0520b388.html#id0520b388-5931-4e36-8466-273c56099198" title="The Solution Variables"></topic></entry><entry keyword="Sc"><topic href="topics/Concept_BnAndSc_id57ece963.html#id57ece963-c6fb-4a04-9307-9dc9bd686ae4" title="Bn and Sc"></topic></entry><entry keyword="Temperature"><topic href="topics/Concept_TheSolutionVariables_id0520b388.html#id0520b388-5931-4e36-8466-273c56099198" title="The Solution Variables"></topic></entry><entry keyword="TurbVis"><topic href="topics/Concept_TheSolutionVariables_id0520b388.html#id0520b388-5931-4e36-8466-273c56099198" title="The Solution Variables"></topic></entry><entry keyword="variable solution control settings"><topic href="topics/GUIRefT_SolverControlTabVariableSolutionControlSection_idd2da4a45.html#idd2da4a45-2df0-4df9-87a2-9b58990b6892" title="Solver Control Tab - Variable Solution Control Section"></topic></entry><entry keyword="XGradT"><topic href="topics/Concept_TemperatureGradient_id682706a7.html#id682706a7-6c3d-4c9d-96ea-c81cf39ec6c0" title="Temperature Gradient"></topic></entry><entry keyword="XVelocity"><topic href="topics/Concept_TheSolutionVariables_id0520b388.html#id0520b388-5931-4e36-8466-273c56099198" title="The Solution Variables"></topic></entry><entry keyword="YGradT"><topic href="topics/Concept_TemperatureGradient_id682706a7.html#id682706a7-6c3d-4c9d-96ea-c81cf39ec6c0" title="Temperature Gradient"></topic></entry><entry keyword="YVelocity"><topic href="topics/Concept_TheSolutionVariables_id0520b388.html#id0520b388-5931-4e36-8466-273c56099198" title="The Solution Variables"></topic></entry><entry keyword="ZGradT"><topic href="topics/Concept_TemperatureGradient_id682706a7.html#id682706a7-6c3d-4c9d-96ea-c81cf39ec6c0" title="Temperature Gradient"></topic></entry><entry keyword="ZVelocity"><topic href="topics/Concept_TheSolutionVariables_id0520b388.html#id0520b388-5931-4e36-8466-273c56099198" title="The Solution Variables"></topic></entry></entry><entry keyword="Vector Plots"><topic href="topics/TaskTop_CreatingAPlanePlot_id20c853ad.html#id20c853ad-4780-463a-8221-b945f002e689" title="Creating a Plane Plot"></topic></entry><entry keyword="Velocities"><entry keyword="residual error"><topic href="topics/Concept_ProgramCalculatedTerminationResiduals_id229665f0.html#id229665f0-0d68-4bd3-bcf3-a4a6a82924a0" title="Program-Calculated Termination Residuals"></topic></entry><entry keyword="solution control"><topic href="topics/Concept_FalseTimeStepRelaxation_id51c577d6.html#id51c577d6-9e40-40c7-8358-55480b9528b1" title="False Time Step Relaxation"></topic></entry></entry><entry keyword="View Stagger"><entry keyword="effect on Results Table"><topic href="topics/TaskTop_ExportingCellByCellResultsData_id874adcfd.html#id874adcfd-f919-49b6-94eb-5510b10b2880" title="Exporting Cell by Cell Results Data"></topic></entry></entry><entry keyword="Viewpoints"><entry keyword="properties"><topic href="topics/GUIRefT_ViewpointPropertySheet_id3a6c15c2.html#id3a6c15c2-4058-4f7e-b468-f99d3293f599" title="Viewpoint Property Sheet"></topic></entry></entry><entry keyword="Volume Regions"><entry keyword="display in Drawing Board"><topic href="topics/GUIRefT_UserPreferencesDialogBoxDrawingBoardTab_id5c087343.html#id5c087343-337b-47d9-a2cd-d5c41583b9bd" title="User Preferences Dialog Box - Drawing Board Tab"></topic></entry></entry><entry keyword="Volumetric Expansivity"><topic href="topics/Concept_CalculationOfGravity_idf9bddc94.html#idf9bddc94-4205-4b8a-9c3b-38f88d580016" title="Calculation of Gravity"></topic></entry><entry keyword="vVelocity"><topic href="topics/Concept_ModelingDimensionality_ide8b4ed8f.html#ide8b4ed8f-3e63-43bc-a2f6-fff80edfa083" title="Modeling Dimensionality"></topic></entry><entry keyword="w Velocity"><topic href="topics/Concept_ModelingDimensionality_ide8b4ed8f.html#ide8b4ed8f-3e63-43bc-a2f6-fff80edfa083" title="Modeling Dimensionality"></topic></entry><entry keyword="whats this button"><topic href="topics/General_AnalyzeModeMousePointer_idd4cbee59.html#idd4cbee59-7f05-482f-827c-fe0f9efb063c" title="Analyze Mode Mouse Pointer"></topic></entry><entry keyword="Zoom"><entry keyword="Profile Plots"><topic href="topics/Concept_ProfilePlotFeatures_ide098502d.html#ide098502d-a67f-42d4-9212-2b9de4ded605" title="Profile Plot Features"></topic></entry></entry><entry keyword="Zoom-In Creation dialog box"><topic href="topics/GUIRefT_ZoomInCreationDialogBox_id48b86375.html#id48b86375-5f70-4725-80e1-62d46cdbf0f9" title="Zoom-In Creation Dialog Box"></topic></entry></index>