<?xml version="1.0" encoding="UTF-8"?>
<?NLS TYPE="org.eclipse.help.toc"?>
<toc label="Libraries" topic="topics/MGCChap_Libraries_idef117936.html"><topic label="Libraries" href="topics/MGCChap_Libraries_idef117936.html"><topic label="Library Overview" href="topics/Concept_LibraryOverview_idd3647f48.html"/><topic label="Library Folder Operations" href="topics/Contain_LibraryFolderOperations_id526f9ec5.html"><topic label="Adding a New Library" href="topics/TaskTop_AddingANewLibrary_id85cc928e.html"/><topic label="Adding Items to a Library from the Current Project" href="topics/TaskTop_AddingItemsToALibraryFromTheCurrentProject_id12550284.html"/><topic label="Importing Library Files" href="topics/TaskTop_ImportingLibraryFiles_id56eb5fe9.html"/><topic label="Copying Libraries" href="topics/TaskTop_CopyingLibraries_id0a70473a.html"/><topic label="Refreshing a Library Folder" href="topics/TaskTop_RefreshingALibraryFolder_iddabe3911.html"/><topic label="Deleting a Library Folder" href="topics/TaskTop_DeletingALibraryFolder_id9dd2b656.html"/><topic label="Exporting a Library Folder" href="topics/TaskTop_ExportingALibraryFolder_id2f3ef422.html"/></topic><topic label="Library Item Operations" href="topics/Contain_LibraryItemOperations_id84d84609.html"><topic label="Copying Geometry from Libraries to the Data Tree" href="topics/TaskTop_CopyingGeometryFromLibrariesToTheDataTree_ided19a494.html"/><topic label="Copying an Attribute from a Library Folder to the Data Tree" href="topics/TaskTop_CopyingAnAttributeFromALibraryFolderToTheDataTree_id2ce37008.html"/><topic label="Moving and Copying Library Items Between Library Folders" href="topics/TaskTop_MovingAndCopyingLibraryItemsBetweenLibraryFolders_id16c09a62.html"/><topic label="Saving Project Geometry to a Library Folder" href="topics/TaskTop_SavingProjectGeometryToALibraryFolder_id40683512.html"/></topic><topic label="Starter Libraries" href="topics/Concept_StarterLibraries_id1c10a7b3.html"/><topic label="Generic Data Center Library" href="topics/Contain_GenericDataCenterLibrary_id87362c30.html"><topic label="Generic CRAC Units" href="topics/Concept_GenericCracUnits_id58d0551a.html"/><topic label="Generic Cabinets" href="topics/Concept_GenericCabinets_id9da16525.html"/><topic label="Equipment for High Detail Cabinet" href="topics/Concept_EquipmentForHighDetailCabinet_id7063db73.html"/><topic label="Generic Floor Grille" href="topics/Concept_GenericFloorGrille_idc52c1bda.html"/><topic label="Generic Floor Support" href="topics/Concept_GenericFloorSupport_id21186dd3.html"/></topic><topic label="Gilberts Data Center Library" href="topics/Concept_GilbertsDataCenterLibrary_idad340d12.html"/><topic label="Library Property Sheets and Dialog Boxes" href="topics/Contain_LibraryPropertySheetsAndDialogBoxes_id7df908ab.html"><topic label="Library Data Property Sheet" href="topics/GUIRefT_LibraryDataPropertySheet_id13925af7.html"/><topic label="Create Library Dialog Box" href="topics/GUIRefT_CreateLibraryDialogBox_id8838f47b.html"/></topic></topic></toc>