<?xml version="1.0" encoding="UTF-8"?>
<?NLS TYPE="org.eclipse.help.toc"?>
<toc label="Messages" topic="topics/MGCChap_Messages_idb20dfda1.html"><topic label="Messages" href="topics/MGCChap_Messages_idb20dfda1.html"><topic label="Message Types" href="topics/Concept_MessageTypes_id8cc937c9.html"/><topic label="Message Format" href="topics/Concept_MessageFormat_idad547ff3.html"/><topic label="Error&#xA;Window" href="topics/Concept_ErrorWindow_id4fee5064.html"/><topic label="Generated&#xA;Messages" href="topics/Contain_GeneratedMessages_idbcf24300.html"><topic label="System Error Messages" href="topics/General_SystemErrorMessages_id22bf879f.html"/><topic label="User System Messages&#xA;(1000 series)" href="topics/General_UserSystemMessages1000Series_id7bf31446.html"/><topic label="Drawing Board&#xA;Messages (3000 series)" href="topics/General_DrawingBoardMessages3000Series_id0f926915.html"/><topic label="Project Manager&#xA;Messages (4000 series)" href="topics/General_ProjectManagerMessages4000Series_id20fe8b5a.html"/><topic label="Profiles Messages&#xA;(5000 series)" href="topics/General_ProfilesMessages5000Series_id009d98da.html"/><topic label="Tables Messages&#xA;(6000 series)" href="topics/General_TablesMessages6000Series_id57e1e4a6.html"/><topic label="Converter Messages&#xA;(7000 series)" href="topics/General_ConverterMessages7000Series_ida952724e.html"/><topic label="Solver Messages&#xA;(8000 series)" href="topics/General_SolverMessages8000Series_id61b95796.html"/><topic label="Translator Messages&#xA;(9000 series)" href="topics/General_TranslatorMessages9000Series_idb587cbd0.html"/><topic label="EFG Messages (10000&#xA;series)" href="topics/General_EfgMessages10000Series_id01b42524.html"/><topic label="Data Storage Messages&#xA;(11000 series)" href="topics/General_DataStorageMessages11000Series_id7fa338ef.html"/><topic label="MCAD Messages&#xA;(12000 series)" href="topics/General_McadMessages12000Series_id364cf6e8.html"/><topic label="FloSCRIPT Messages&#xA;(15000 series)" href="topics/General_FloscriptMessages15000Series_id04c3c998.html"/><topic label="Interface Messages&#xA;(17000 series)" href="topics/General_InterfaceMessages17000Series_idbad4c817.html"/><topic label="Logic Error Messages&#xA;(19000 series)" href="topics/General_LogicErrorMessages19000Series_idac559b60.html"/><topic label="Command Center&#xA;Messages (20000 series)" href="topics/General_CommandCenterMessages20000Series_iddeb6e4f0.html"/></topic></topic></toc>