<?xml version="1.0" encoding="UTF-8"?>
<?NLS TYPE="org.eclipse.help.toc"?>
<toc label="Product Overview" topic="topics/MGCChap_ProductOverview_id7980f875.html"><topic label="Product&#xA;Overview" href="topics/MGCChap_ProductOverview_id7980f875.html"><topic label="Functional Overview" href="topics/Concept_FunctionalOverview_id35f01e4b.html"/><topic label="Product&#xA;Workflow" href="topics/Contain_ProductWorkflow_idcff6e17d.html"><topic label="Define the Requirements" href="topics/Concept_DefineTheRequirements_id9953023d.html"/><topic label="Add a Solution Grid" href="topics/Concept_AddASolutionGrid_id9822726e.html"/><topic label="Solve the Model" href="topics/Concept_SolveTheModel_idba40fc37.html"/><topic label="Analyze the Results" href="topics/Concept_AnalyzeTheResults_id74e6c008.html"/></topic><topic label="Product&#xA;GUI" href="topics/GUIRefT_ProductGui_idbd5305d0.html"/></topic></toc>