<?xml version="1.0" encoding="UTF-8"?>
<?NLS TYPE="org.eclipse.help.toc"?>
<toc label="Reporting Project Data and Results in Tables" topic="topics/MGCChap_ReportingProjectDataAndResultsInTables_id85e71a6c.html"><topic label="Reporting&#xA;Project Data and Results in Tables" href="topics/MGCChap_ReportingProjectDataAndResultsInTables_id85e71a6c.html"><topic label="Results&#xA;Tables" href="topics/Concept_ResultsTables_id7a7824c5.html"/><topic label="Temperature and Heat&#xA;Flow Values in Solid Conductor Fluxes Results Tables" href="topics/Concept_TemperatureAndHeatFlowValuesInSolidConductorFluxesResultsTables_id5256e70d.html"/><topic label="Heat Transfer Coefficient&#xA;Values in Solid Conductor Fluxes Results Tables" href="topics/Concept_HeatTransferCoefficientValuesInSolidConductorFluxesResultsTables_idc9da4adf.html"/><topic label="Reported Junction&#xA;and Case Temperatures of EDA Components" href="topics/Concept_ReportedJunctionAndCaseTemperaturesOfEDAComponents_id47bd2165.html"/><topic label="Tables&#xA;Operations" href="topics/Contain_TablesOperations_id2e0d853e.html"><topic label="Viewing Tables" href="topics/TaskTop_ViewingTables_id925437f9.html"/><topic label="Searching Results Tables" href="topics/TaskTop_SearchingResultsTables_idd9aeb455.html"/><topic label="Expanding Results Tables&#xA;to Show SmartPart Primitive Data" href="topics/TaskTop_ExpandingResultsTablesToShowSmartpartPrimitiveData_id516aec8b.html"/><topic label="Selecting Table Cell&#xA;Data" href="topics/TaskTop_SelectingTableCellData_id5b682bd9.html"/><topic label="Resizing Table Columns" href="topics/TaskTop_ResizingTableColumns_id0842b0e1.html"/><topic label="Hiding Results Table&#xA;Columns" href="topics/TaskTop_HidingResultsTableColumns_idbe05156a.html"/><topic label="Sorting Tables" href="topics/TaskTop_SortingTables_idbb45eaf0.html"/><topic label="Copying Selected Results&#xA;Table Cell Data" href="topics/TaskTop_CopyingSelectedResultsTableCellData_idb64a608a.html"/><topic label="Saving the Currently&#xA;Opened Tables for Re-Display" href="topics/TaskTop_SavingTheCurrentlyOpenedTablesForReDisplay_id686d1bba.html"/><topic label="Exporting a Results&#xA;Table" href="topics/TaskTop_ExportingAResultsTable_idfa0e29d8.html"/><topic label="Exporting a Legacy Results&#xA;Table" href="topics/TaskTop_ExportingALegacyResultsTable_ide1b5b50a.html"/></topic><topic label="Export Legacy Tables&#xA;Dialog Box" href="topics/GUIRefT_ExportLegacyTablesDialogBox_id1456cbc3.html"/><topic label="Results&#xA;Tables Data" href="topics/Contain_ResultsTablesData_ida06f1d5a.html"><topic label="Geometry&#xA;Results Tables" href="topics/Contain_GeometryResultsTables_id514b9e49.html"><topic label="Assemblies Results&#xA;Table" href="topics/GUIRefT_AssembliesResultsTable_ida89e5c9e.html"/><topic label="Collapsed Resistances&#xA;Results Table" href="topics/GUIRefT_CollapsedResistancesResultsTable_id6adc497d.html"/><topic label="Compact Component&#xA;Results Table" href="topics/GUIRefT_CompactComponentResultsTable_id24672777.html"/><topic label="Component Fluxes Results&#xA;Table" href="topics/GUIRefT_ComponentFluxesResultsTable_ide16ad540.html"/><topic label="Controllers Results&#xA;Table" href="topics/GUIRefT_ControllersResultsTable_idb3c039bf.html"/><topic label="Coolers Results Table" href="topics/GUIRefT_CoolersResultsTable_ideb73248f.html"/><topic label="Cutouts/Overall Results&#xA;Table" href="topics/GUIRefT_CutoutsOverallResultsTable_id76e65716.html"/><topic label="Cutouts/Overall Results&#xA;Summary Results Table" href="topics/GUIRefT_CutoutsOverallResultsSummaryResultsTable_id2ef93fb8.html"/><topic label="Dies Results Table" href="topics/GUIRefT_DiesResultsTable_id7c5f8bfd.html"/><topic label="EDA&#xA;Boards Results Table" href="topics/GUIRefT_EdaBoardsResultsTable_id7fba3f96.html"/><topic label="EDA&#xA;Components Results Table" href="topics/GUIRefT_EdaComponentsResultsTable_idbd06a7f4.html"/><topic label="EDA&#xA;Heat Sinks Results Table" href="topics/GUIRefT_EdaHeatSinksResultsTable_id00ca125c.html"/><topic label="Enclosures Results&#xA;Table" href="topics/GUIRefT_EnclosuresResultsTable_idbae2acd2.html"/><topic label="Fans Results Table" href="topics/GUIRefT_FansResultsTable_id98e127b9.html"/><topic label="Fixed Flows Results&#xA;Table" href="topics/GUIRefT_FixedFlowsResultsTable_idaf847a29.html"/><topic label="Heat Pipes Results&#xA;Table" href="topics/GUIRefT_HeatPipesResultsTable_iddd3d4d11.html"/><topic label="Heat Sinks Results&#xA;Table" href="topics/GUIRefT_HeatSinksResultsTable_id16b492cd.html"/><topic label="Monitor Points Results&#xA;Table" href="topics/GUIRefT_MonitorPointsResultsTable_id5914b539.html"/><topic label="Network Assemblies&#xA;Results Table" href="topics/GUIRefT_NetworkAssembliesResultsTable_id558b0b48.html"/><topic label="Perforated Plates&#xA;Results Table" href="topics/GUIRefT_PerforatedPlatesResultsTable_iddd7c886f.html"/><topic label="Power Maps Results&#xA;Table" href="topics/GUIRefT_PowerMapsResultsTable_id4d987864.html"/><topic label="Racks Results Table" href="topics/GUIRefT_RacksResultsTable_id7bace89a.html"/><topic label="Recirculation Devices&#xA;Results Table" href="topics/GUIRefT_RecirculationDevicesResultsTable_id100d81a1.html"/><topic label="Region Mean Flows&#xA;Results Table" href="topics/GUIRefT_RegionMeanFlowsResultsTable_id92a5ca27.html"/><topic label="Regions Summary Results&#xA;Table" href="topics/GUIRefT_RegionsSummaryResultsTable_idbb09e824.html"/><topic label="Region Variables Values&#xA;Results Tables" href="topics/GUIRefT_RegionVariablesValuesResultsTables_ida89ce27c.html"/><topic label="Solid Conductor Fluxes&#xA;Results Table" href="topics/GUIRefT_SolidConductorFluxesResultsTable_ida503ff2d.html"/><topic label="Solid Conductor Temperatures&#xA;Results Table" href="topics/GUIRefT_SolidConductorTemperaturesResultsTable_idee1c9043.html"/><topic label="Solid Conductors Summary&#xA;Results Table" href="topics/GUIRefT_SolidConductorsSummaryResultsTable_idfb5e978a.html"/><topic label="Sources Results Table" href="topics/GUIRefT_SourcesResultsTable_id88f6b62a.html"/><topic label="TEC Results Table" href="topics/GUIRefT_TecResultsTable_id1dea457a.html"/></topic><topic label="Legacy&#xA;Tables" href="topics/Contain_LegacyTables_id5dc07cb9.html"><topic label="Geometry Model Results&#xA;Table CSV File" href="topics/FileRef_GeometryModelResultsTableCsvFile_idcfb287b0.html"/><topic label="Base Grid and Localized&#xA;Grid Results Tables CSV Files" href="topics/FileRef_BaseGridAndLocalizedGridResultsTablesCSVFiles_idb8717f44.html"/><topic label="Transient Grid Results&#xA;Table CSV File" href="topics/FileRef_TransientGridResultsTableCsvFile_idc9eb180d.html"/><topic label="Object/Attributes&#xA;Results Table CSV File" href="topics/FileRef_ObjectattributesResultsTableCsvFile_idf212a206.html"/></topic></topic></topic></toc>