<?xml version="1.0" encoding="UTF-8"?>
<?NLS TYPE="org.eclipse.help.toc"?>
<toc label="Solution Monitoring and Profile Plots" topic="topics/MGCChap_SolutionMonitoringAndProfilePlots_idffad2d10.html"><topic label="Solution&#xA;Monitoring and Profile Plots" href="topics/MGCChap_SolutionMonitoringAndProfilePlots_idffad2d10.html"><topic label="Solution Monitoring" href="topics/Concept_SolutionMonitoring_id8c8eb791.html"/><topic label="Profiles Window" href="topics/GUIRefT_ProfilesWindow_id87d590e2.html"/><topic label="Profile Plot Features" href="topics/Concept_ProfilePlotFeatures_ide098502d.html"/><topic label="Available Plots" href="topics/Contain_AvailablePlots_idb157a5c8.html"><topic label="Residuals v Iteration&#xA;Plot (Steady State)" href="topics/GUIRefT_ResidualsVIterationPlotSteadyState_id4f7accef.html"/><topic label="Residuals v Iteration&#xA;Plot (Transient)" href="topics/GUIRefT_ResidualsVIterationPlotTransient_ideac516d4.html"/><topic label="Residual Iterations&#xA;v Time Plot (Transient)" href="topics/GUIRefT_ResidualIterationsVTimePlotTransient_id63556d17.html"/><topic label="Residuals v Time Plot&#xA;(Transient)" href="topics/GUIRefT_ResidualsVTimePlotTransient_idca112899.html"/><topic label="Monitor Points v Iteration&#xA;Plot (Steady State)" href="topics/GUIRefT_MonitorPointsVIterationPlotSteadyState_id4d8aa795.html"/><topic label="Monitor Points v Time&#xA;Plot (Transient)" href="topics/GUIRefT_MonitorPointsVTimePlotTransient_id256cdc15.html"/><topic label="Results v Distance&#xA;Plot" href="topics/GUIRefT_ResultsVDistancePlot_id53dce179.html"/></topic><topic label="Plot&#xA;Procedures" href="topics/Contain_PlotProcedures_idafcbfbb7.html"><topic label="Creating New Plots" href="topics/TaskTop_CreatingNewPlots_id78790a28.html"/><topic label="Configuring Monitor&#xA;Point Plots" href="topics/TaskTop_ConfiguringMonitorPointPlots_idc708e381.html"/><topic label="Tiling Plots" href="topics/TaskTop_TilingPlots_id0f2a9ccb.html"/><topic label="Exporting a Plot Profile" href="topics/TaskTop_ExportingAPlotProfile_id397e4096.html"/></topic><topic label="Plot Property Sheet" href="topics/GUIRefT_PlotPropertySheet_idce9f3fc9.html"><topic label="Plot Property Sheet&#xA;Settings Tab" href="topics/GUIRefT_PlotPropertySheetSettingsTab_idc3331e56.html"/></topic></topic></toc>