<?xml version="1.0" encoding="UTF-8"?>
<?NLS TYPE="org.eclipse.help.toc"?>
<toc label="Solving the Project" topic="topics/MGCChap_SolvingTheProject_id8c5ed4e0.html"><topic label="Solving&#xA;the Project" href="topics/MGCChap_SolvingTheProject_id8c5ed4e0.html"><topic label="Solver Overview" href="topics/Concept_SolverOverview_id44a20207.html"/><topic label="Monitor Points" href="topics/Concept_MonitorPoints_id51830a7c.html"/><topic label="Pre-Solve Checks" href="topics/Concept_PreSolveChecks_ided5480bd.html"/><topic label="Exchange Factors" href="topics/Concept_ExchangeFactors_id1b75fe29.html"/><topic label="Interactive Solve&#xA;Procedures" href="topics/Contain_InteractiveSolveProcedures_ideb1c1661.html"><topic label="Obtaining Maximum Solver&#xA;Performance" href="topics/TaskTop_ObtainingMaximumSolverPerformance_idb0857586.html"/><topic label="Sanity Checking" href="topics/TaskTop_SanityChecking_idedcc8b5f.html"/><topic label="Solving in Interactive&#xA;Mode" href="topics/TaskTop_SolvingInInteractiveMode_id39a3bc3b.html"/><topic label="Re-initializing Variable&#xA;Fields" href="topics/TaskTop_ReInitializingVariableFields_id5f836ae1.html"/><topic label="Interrupting and Resuming&#xA;an Interactive Solution" href="topics/TaskTop_InterruptingAndResumingAnInteractiveSolution_idc2c1ae23.html"/><topic label="Aborting an Interactive&#xA;Solution" href="topics/TaskTop_AbortingAnInteractiveSolution_ida6b58417.html"/><topic label="Setting Solution Process&#xA;Priority Using the Task Manager" href="topics/TaskTop_SettingSolutionProcessPriorityUsingTheTaskManager_id02f3ef7e.html"/></topic><topic label="Batch Mode Solve" href="topics/Concept_BatchModeSolve_idc03567b4.html"/><topic label="Files Used Before,&#xA;During and After Batch Solves" href="topics/Contain_FilesUsedBeforeDuringAndAfterBatchSolves_ida8fb21b2.html"><topic label="Batch Files" href="topics/Concept_BatchFiles_idc88e519e.html"/><topic label="logit File" href="topics/Concept_LogitFile_idd5d33260.html"/><topic label="floerror.log File" href="topics/Concept_FloerrorLogFile_id0964a696.html"/><topic label="Output CSV Files" href="topics/Concept_OutputCsvFiles_id573da527.html"/></topic><topic label="Batch&#xA;Solve Procedures" href="topics/Contain_BatchSolveProcedures_id07cfec02.html"><topic label="Solving in Batch Mode" href="topics/TaskTop_SolvingInBatchMode_id74a9a25e.html"/><topic label="Using batchSolve to&#xA;Solve in Batch Mode on Linux Systems" href="topics/TaskTop_UsingBatchsolveToSolveInBatchModeOnLinuxSystems_id6d0250da.html"/><topic label="Environment Setup on&#xA;Linux Systems" href="topics/TaskTop_EnvironmentSetupOnLinuxSystems_id1ea6a321.html"/><topic label="Monitoring the Solution&#xA;in Batch Mode" href="topics/TaskTop_MonitoringTheSolutionInBatchMode_idf477e30b.html"/><topic label="Interrupting a Batch&#xA;Solution" href="topics/TaskTop_InterruptingABatchSolution_idb0998b16.html"/><topic label="Setting up a Batch Mode&#xA;Completion Email Notification" href="topics/TaskTop_SettingUpABatchModeCompletionEmailNotification_idc2d7a0c6.html"/><topic label="Setting Solution Process&#xA;Priority Using an Environment Variable" href="topics/TaskTop_SettingSolutionProcessPriorityUsingAnEnvironmentVariable_id53f5a149.html"/></topic><topic label="Transient Analysis&#xA;Cases" href="topics/Concept_TransientAnalysisCases_id24ae469e.html"/><topic label="Solve Dialog Boxes" href="topics/Contain_SolveDialogBoxes_id2fcb6d92.html"><topic label="Solver Progress Dialog&#xA;Box" href="topics/GUIRefT_SolverProgressDialogBox_id97188e2a.html"/><topic label="Exchange Factors Calculation&#xA;Progress Dialog Box" href="topics/GUIRefT_ExchangeFactorsCalculationProgressDialogBox_iddbd0955d.html"/></topic></topic></toc>