<?xml version="1.0" encoding="UTF-8"?>
<?NLS TYPE="org.eclipse.help.toc"?>
<toc label="Spatial Solution Grid" topic="topics/MGCChap_SpatialSolutionGrid_id526aa9f5.html"><topic label="Spatial Solution Grid" href="topics/MGCChap_SpatialSolutionGrid_id526aa9f5.html"><topic label="Spatial Solution&#xA;Grid Overview" href="topics/Concept_SpatialSolutionGridOverview_id915d9ef3.html"/><topic label="Overview of Grid&#xA;Modification" href="topics/Concept_OverviewOfGridModification_id6a69dd8c.html"/><topic label="Grid Calculation&#xA;Order" href="topics/Concept_GridCalculationOrder_idbe0a47d5.html"/><topic label="Grid Suitability" href="topics/Concept_GridSuitability_id58a56c4f.html"/><topic label="Grid Constraints" href="topics/Concept_GridConstraints_idc5910d5b.html"/><topic label="Grid Localization" href="topics/Contain_GridLocalization_id6fd0e6a3.html"><topic label="General Effect of&#xA;Localizing a Grid" href="topics/Concept_GeneralEffectOfLocalizingAGrid_id6554041f.html"/><topic label="Nested Localized&#xA;Grid Spaces" href="topics/Concept_NestedLocalizedGridSpaces_idd50b4a54.html"/><topic label="Abutment of Localized&#xA;Grid Spaces" href="topics/Concept_AbutmentOfLocalizedGridSpaces_idde7e8fda.html"/><topic label="Keypoints and Localized&#xA;Grids" href="topics/Concept_KeypointsAndLocalizedGrids_iddb6c9ef6.html"/><topic label="Localization of Inflated&#xA;Grids" href="topics/Concept_LocalizationOfInflatedGrids_idb210da37.html"/><topic label="Grid Space Overlap&#xA;when Localizing" href="topics/Concept_GridSpaceOverlapWhenLocalizing_id98fb1a9c.html"/><topic label="Localization Near&#xA;the Edge of the Solution Domain" href="topics/Concept_LocalizationNearTheEdgeOfTheSolutionDomain_id39a793b4.html"/><topic label="Objects Located Inside&#xA;a Localized Grid" href="topics/Concept_ObjectsLocatedInsideALocalizedGrid_iddb966b28.html"/><topic label="Object Location Restrictions&#xA;when Using Localized Grids" href="topics/Concept_ObjectLocationRestrictionsWhenUsingLocalizedGrids_id81d2ee92.html"/><topic label="Grid Smoothing and&#xA;Localized Cells" href="topics/Concept_GridSmoothingAndLocalizedCells_id173086a8.html"/><topic label="Minimum Cell Size&#xA;and Localized Cells" href="topics/Concept_MinimumCellSizeAndLocalizedCells_idce2cc5f1.html"/></topic><topic label="Grid Inflation" href="topics/Concept_GridInflation_idf0bce1ee.html"/><topic label="Grid Smoothing" href="topics/Concept_GridSmoothing_id4c1560f1.html"/><topic label="Keypoint Deactivation&#xA;(De-keypointing)" href="topics/Concept_KeypointDeactivationDeKeypointing_id08ea42f8.html"/><topic label="Grid&#xA;Operations" href="topics/Contain_GridOperations_id9da5cf93.html"><topic label="Debugging the Grid of&#xA;Large Aspect Ratio Cells" href="topics/TaskTop_DebuggingTheGridOfLargeAspectRatioCells_id09cec1f9.html"/><topic label="Setting System Grid&#xA;Constraints" href="topics/TaskTop_SettingSystemGridConstraints_id17f7265a.html"/><topic label="Setting an Object Grid&#xA;Constraint" href="topics/TaskTop_SettingAnObjectGridConstraint_id10f1bb69.html"/><topic label="Localizing the Grid&#xA;Around an Object" href="topics/TaskTop_LocalizingTheGridAroundAnObject_id962fa190.html"/><topic label="Inflating the Grid Around&#xA;an Object" href="topics/TaskTop_InflatingTheGridAroundAnObject_idacb0508c.html"/><topic label="Deflating the Grid Around&#xA;an Object" href="topics/TaskTop_DeflatingTheGridAroundAnObject_id7ad6cf25.html"/><topic label="Smoothing the Grid" href="topics/TaskTop_SmoothingTheGrid_id1d17d783.html"/></topic><topic label="Solution&#xA;Grid Property Sheets and Dialog Boxes" href="topics/Contain_SolutionGridPropertySheetsAndDialogBoxes_id8bc4760f.html"><topic label="System Grid Property&#xA;Sheet" href="topics/GUIRefT_SystemGridPropertySheet_id9f660e29.html"/><topic label="Grid Summary Dialog" href="topics/GUIRefT_GridSummaryDialog_id3b519b11.html"/><topic label="Grid Changed Dialog&#xA;Box" href="topics/GUIRefT_GridChangedDialogBox_id4099a894.html"/><topic label="Previous&#xA;Software Version Dialog Box" href="topics/GUIRefT_PreviousSoftwareVersionDialogBox_id7471cb89.html"/></topic></topic></toc>